view,class,tier,body_value,ships
stock,GONER,other,,1
stock,M1,other,,2
stock,M2,big3,37500,2
stock,M2,huge,187845,2
stock,M3,other,,67
stock,M4,nor,,1
stock,M4,other,,59
stock,M4,tiny,1000,3
stock,M4,nor,2000,3
stock,M5,other,,44
stock,M6,other,,17
stock,M7,nor2,4000,1
stock,M7,nor3,8000,1
stock,M7,big,12500,2
stock,M7,big2,18731,2
stock,M7,big3,37500,1
stock,M8,other,,9
stock,M8,nor,2000,1
stock,M8,nor2,4000,1
stock,OBJ_FIGHTDRONEUSC,other,,1
stock,TM,other,,16
stock,TM,big,12500,1
stock,TP,nor,,1
stock,TP,other,,19
stock,TP,nor,2000,1
stock,TP,nor2,4000,4
stock,TP,nor3,8000,4
stock,TS,nor,,1
stock,TS,other,,56
stock,TS,nor2,4000,3
stock,TS,nor3,8000,3
stock,TS_PIRATE,other,,1
mayhem,M1,nor2,2000,1
mayhem,M1,nor3,4000,2
mayhem,M1,big,6250,2
mayhem,M1,big2,9366,5
mayhem,M1,big3,18750,16
mayhem,M1,big4,47272,6
mayhem,M1,huge,93922,3
mayhem,M1,huge2,141175,1
mayhem,M1,huge3,211762,1
mayhem,M2,nor2,2000,1
mayhem,M2,nor3,4000,3
mayhem,M2,big,6250,5
mayhem,M2,big2,9366,15
mayhem,M2,big3,18750,34
mayhem,M2,big4,47272,14
mayhem,M2,huge,93922,7
mayhem,M2,huge2,141175,1
mayhem,M2,huge3,211762,1
mayhem,M3,tiny,504,13
mayhem,M3,nor,1000,80
mayhem,M3,nor2,2000,3
mayhem,M3,nor3,4000,2
mayhem,M4,tiny,504,25
mayhem,M4,nor,1000,48
mayhem,M5,tiny,504,17
mayhem,M5,nor,1000,33
mayhem,M6,other,,2
mayhem,M6,tiny,504,2
mayhem,M6,nor,1000,15
mayhem,M6,nor2,2000,25
mayhem,M6,nor3,4000,39
mayhem,M6,big,6250,16
mayhem,M6,big2,9366,2
mayhem,M6,big3,18750,1
mayhem,M7,nor2,2000,1
mayhem,M7,nor3,4000,8
mayhem,M7,big,6250,11
mayhem,M7,big2,9366,29
mayhem,M7,big3,18750,30
mayhem,M7,big4,47272,1
mayhem,M8,nor,1000,14
mayhem,M8,nor2,2000,8
mayhem,OBJ_FIGHTDRONE,tiny,504,1
mayhem,OBJ_FIGHTDRONE2,tiny,504,1
mayhem,OBJ_FIGHTDRONEUSC,tiny,504,1
mayhem,TL,nor2,2000,1
mayhem,TL,nor3,4000,1
mayhem,TL,big,6250,2
mayhem,TL,big2,9366,6
mayhem,TL,big3,18750,8
mayhem,TL,big4,47272,1
mayhem,TL,huge,93922,2
mayhem,TL,huge2,141175,1
mayhem,TM,tiny,504,4
mayhem,TM,nor,1000,9
mayhem,TM,nor2,2000,8
mayhem,TM,nor3,4000,7
mayhem,TM,big,6250,4
mayhem,TP,other,,2
mayhem,TP,tiny,504,4
mayhem,TP,nor,1000,11
mayhem,TP,nor2,2000,9
mayhem,TP,nor3,4000,17
mayhem,TP,big,6250,3
mayhem,TS,other,,2
mayhem,TS,tiny,504,16
mayhem,TS,nor,1000,28
mayhem,TS,nor2,2000,20
mayhem,TS,nor3,4000,37
mayhem,TS,big,6250,13
