view,class,glow_body,ships
stock,0,(none),6
stock,ASTRONAUT,(none),3
stock,GONER,fx_engine_argon_m3,1
stock,KHAAKCLUSTER,(none),4
stock,M1,(none),22
stock,M1,v/00127,2
stock,M2,(none),14
stock,M2,fx_engine_xtc_darkblue_big3,1
stock,M2,fx_engine_xtc_magenta_big3,1
stock,M2,fx_engine_xtc_magenta_huge,1
stock,M2,fx_engine_xtc_white_huge,1
stock,M3,(none),2
stock,M3,fx_engine_argon_m3,7
stock,M3,fx_engine_argon_m3plus,1
stock,M3,fx_engine_argon_m3pxtm,5
stock,M3,fx_engine_atf_m3,1
stock,M3,fx_engine_atf_m3p,1
stock,M3,fx_engine_boron_m3,6
stock,M3,fx_engine_boron_m3p,2
stock,M3,fx_engine_lc_m3,1
stock,M3,fx_engine_lc_m3_middle,1
stock,M3,fx_engine_otas_m3_lower,1
stock,M3,fx_engine_otas_m3_upper,1
stock,M3,fx_engine_paranid_m3,3
stock,M3,fx_engine_paranid_m3_var1,6
stock,M3,fx_engine_paranid_m3plus,2
stock,M3,fx_engine_pirate_m3p,2
stock,M3,fx_engine_pirate_m3p_middle,2
stock,M3,fx_engine_split_m3,5
stock,M3,fx_engine_split_m3plus,2
stock,M3,fx_engine_teladi_m3,1
stock,M3,fx_engine_teladi_m3_var1,1
stock,M3,fx_engine_teladi_m3_var2,3
stock,M3,fx_engine_teladi_m3_var3,2
stock,M3,fx_engine_teladi_m3pxtm,3
stock,M3,fx_engine_terraformer_m3_bottom,1
stock,M3,fx_engine_terraformer_m3_top,1
stock,M3,fx_engine_usc_m3,1
stock,M3,fx_engine_usc_m3p,1
stock,M3,fx_engine_xenon_m3,1
stock,M3,fx_engine_xenon_m3plus,1
stock,M3,fx_engine_yaki_m3pxtm,1
stock,M3,fx_xpshuttle,1
stock,M4,(none),1
stock,M4,fx_engine_argon_m4,6
stock,M4,fx_engine_argon_m4p_lower,3
stock,M4,fx_engine_argon_m4p_upper,3
stock,M4,fx_engine_boron_m4,5
stock,M4,fx_engine_otas_m4,1
stock,M4,fx_engine_otas_m4p,1
stock,M4,fx_engine_otas_m4p_sides,1
stock,M4,fx_engine_paranid_m4,9
stock,M4,fx_engine_paranid_m4p,1
stock,M4,fx_engine_paranid_m4p_upper,1
stock,M4,fx_engine_split_m4,5
stock,M4,fx_engine_split_m4_pirate,1
stock,M4,fx_engine_split_m4p,1
stock,M4,fx_engine_split_m4p_middle,1
stock,M4,fx_engine_teladi_m4m,4
stock,M4,fx_engine_teladi_m4p,2
stock,M4,fx_engine_teladi_m4p_middle,2
stock,M4,fx_engine_teladi_m4p_top,2
stock,M4,fx_engine_teladi_m4s,6
stock,M4,fx_engine_terraformer_m4,1
stock,M4,fx_engine_terran_m5,1
stock,M4,fx_engine_usc_m4,1
stock,M4,fx_engine_xenon_m5,1
stock,M4,fx_engine_xtc_darkblue_tiny,2
stock,M4,fx_engine_xtc_green_nor,1
stock,M4,fx_engine_xtc_lightblue_nor,1
stock,M4,fx_engine_xtc_red_nor,1
stock,M4,fx_engine_xtc_white_nor,1
stock,M4,fx_engine_xtc_yellow_tiny,1
stock,M5,(none),4
stock,M5,fx_engine_argon_m5,6
stock,M5,fx_engine_boron_m3,5
stock,M5,fx_engine_boron_m5,2
stock,M5,fx_engine_paranid_m5,2
stock,M5,fx_engine_paranid_m5_var1,1
stock,M5,fx_engine_paranid_m5_var2,3
stock,M5,fx_engine_paranid_m5_var3,1
stock,M5,fx_engine_split_m5,5
stock,M5,fx_engine_teladi_m5,8
stock,M5,fx_engine_teladi_m5p,3
stock,M5,fx_engine_terraformer_m5,1
stock,M5,fx_engine_terran_m5,1
stock,M5,fx_engine_terran_transportdrone,2
stock,M5,fx_engine_terran_transportdrone_small,2
stock,M5,fx_engine_usc_m5,1
stock,M5,fx_engine_xenon_m5,1
stock,M6,(none),18
stock,M6,fx_engine_argon_m3,1
stock,M6,fx_engine_atf_m6m,1
stock,M6,fx_engine_atf_m6m_sides,1
stock,M6,fx_engine_lc_m6,1
stock,M6,fx_engine_paranid_m6m,1
stock,M6,fx_engine_paranid_m6plus,1
stock,M6,fx_engine_terran_m6,1
stock,M6,fx_engine_xenon_m6,1
stock,M6,fx_engine_xenon_m6mlow,1
stock,M6,fx_engine_xenon_m6mmid,1
stock,M6,fx_engine_xenon_m6mtop,1
stock,M6,fx_engine_xtc_red_nor3_disable,1
stock,M6,v/00105,1
stock,M6,v/00114,1
stock,M6,v/00127,1
stock,M6,xtc_split_m6turbo_fx_mid,1
stock,M6,xtc_split_m6turbo_fx_out,1
stock,M7,(none),27
stock,M7,fx_engine_xtc_darkblue_big,1
stock,M7,fx_engine_xtc_darkblue_nor2,1
stock,M7,fx_engine_xtc_darkblue_nor3,1
stock,M7,fx_engine_xtc_green_big3,1
stock,M7,fx_engine_xtc_white_big2,1
stock,M7,fx_engine_xtc_yellow_big,1
stock,M7,fx_engine_xtc_yellow_big2,1
stock,M8,fx_engine_argon_m8_middle,2
stock,M8,fx_engine_argon_m8_topbottom,2
stock,M8,fx_engine_paranid_m81,1
stock,M8,fx_engine_paranid_m82,1
stock,M8,fx_engine_split_m8,1
stock,M8,fx_engine_teladi_m8,1
stock,M8,fx_engine_usc_m8,1
stock,M8,fx_engine_xtc_darkblue_nor,1
stock,M8,fx_engine_xtc_darkblue_nor2,1
stock,OBJ_BEACON,(none),1
stock,OBJ_FIGHTDRONE,(none),1
stock,OBJ_FIGHTDRONE2,(none),1
stock,OBJ_FIGHTDRONEUSC,fx_engine_usc_fightdrone,1
stock,OBJ_FREIGHTDRONE,(none),1
stock,OBJ_JUMPBEACON,(none),1
stock,OBJ_MINE,(none),1
stock,OBJ_MINE2,(none),1
stock,OBJ_MINE3,(none),1
stock,OBJ_MINETR,(none),1
stock,OBJ_ORBITALLASER,(none),1
stock,OBJ_ORBITALLASER2,(none),1
stock,OBJ_RECONDRONE,(none),1
stock,OBJ_SATELLITE,(none),1
stock,OBJ_SATELLITE2,(none),1
stock,OBJ_SPACEFLY,(none),1
stock,TL,(none),23
stock,TM,fx_engine_argon_tm,1
stock,TM,fx_engine_boron_tm_a,1
stock,TM,fx_engine_boron_tm_b,1
stock,TM,fx_engine_otas_tm1,1
stock,TM,fx_engine_otas_tm2,1
stock,TM,fx_engine_otas_tm3,1
stock,TM,fx_engine_paranid_tm,3
stock,TM,fx_engine_pirate_tm,1
stock,TM,fx_engine_split2_tm,1
stock,TM,fx_engine_split_tm,1
stock,TM,fx_engine_teladi_tm,4
stock,TM,fx_engine_xtc_white_big,1
stock,TP,fx_engine_argon_ts,3
stock,TP,fx_engine_boron_qy,1
stock,TP,fx_engine_boron_ts_a,2
stock,TP,fx_engine_boron_ts_b,2
stock,TP,fx_engine_paranid_ts,2
stock,TP,fx_engine_split2_ts,2
stock,TP,fx_engine_split_ts,2
stock,TP,fx_engine_teladi_ts,3
stock,TP,fx_engine_usc_tp,1
stock,TP,fx_engine_xtc_green_nor,1
stock,TP,fx_engine_xtc_green_nor2,1
stock,TP,fx_engine_xtc_green_nor3,1
stock,TP,fx_engine_xtc_lightblue_nor,1
stock,TP,fx_engine_xtc_lightblue_nor2,1
stock,TP,fx_engine_xtc_lightblue_nor3,1
stock,TP,fx_engine_xtc_red_nor2,1
stock,TP,fx_engine_xtc_red_nor3,1
stock,TP,fx_engine_xtc_white_nor2,1
stock,TP,fx_engine_xtc_white_nor3,1
stock,TP,v/00114,1
stock,TS,(none),1
stock,TS,fx_engine_argon_ts,8
stock,TS,fx_engine_boron_ts_a,7
stock,TS,fx_engine_boron_ts_b,7
stock,TS,fx_engine_otas_ts1,1
stock,TS,fx_engine_otas_ts2,1
stock,TS,fx_engine_otas_ts3,1
stock,TS,fx_engine_otas_ts_small,1
stock,TS,fx_engine_paranid_ts,7
stock,TS,fx_engine_split2_ts,7
stock,TS,fx_engine_split_ts,7
stock,TS,fx_engine_teladi_ts,7
stock,TS,fx_engine_usc_ts_a,1
stock,TS,fx_engine_usc_ts_b,1
stock,TS,fx_engine_xtc_darkblue_nor2,1
stock,TS,fx_engine_xtc_green_nor3,1
stock,TS,fx_engine_xtc_lightblue_nor,1
stock,TS,fx_engine_xtc_lightblue_nor3,1
stock,TS,fx_engine_xtc_red_nor3,1
stock,TS,fx_engine_xtc_white_nor2,1
stock,TS,fx_engine_xtc_yellow_nor2,1
stock,TS_PIRATE,fx_engine_argon_ts,1
stock,UFO,(none),5
mayhem,ASTRONAUT,(none),1
mayhem,KHAAKCLUSTER,(none),4
mayhem,M0,(none),1
mayhem,M1,(none),5
mayhem,M1,fx_engine_xtc_darkblue_big4,1
mayhem,M1,fx_engine_xtc_green_big2,1
mayhem,M1,fx_engine_xtc_green_big3,2
mayhem,M1,fx_engine_xtc_lightblue_big3,1
mayhem,M1,fx_engine_xtc_lime_huge3,1
mayhem,M1,fx_engine_xtc_magenta_big2,1
mayhem,M1,fx_engine_xtc_orange_big3,6
mayhem,M1,fx_engine_xtc_orange_big4,5
mayhem,M1,fx_engine_xtc_orange_huge,2
mayhem,M1,fx_engine_xtc_orange_huge2,1
mayhem,M1,fx_engine_xtc_peach_big,1
mayhem,M1,fx_engine_xtc_peach_big3,2
mayhem,M1,fx_engine_xtc_purple_big3,1
mayhem,M1,fx_engine_xtc_red_big2,1
mayhem,M1,fx_engine_xtc_red_big3,1
mayhem,M1,fx_engine_xtc_white_big2,1
mayhem,M1,fx_engine_xtc_white_big3,2
mayhem,M1,fx_engine_xtc_white_nor3,1
mayhem,M1,fx_engine_xtc_yellow_big,1
mayhem,M1,fx_engine_xtc_yellow_big2,1
mayhem,M1,fx_engine_xtc_yellow_big3,1
mayhem,M1,fx_engine_xtc_yellow_huge,1
mayhem,M1,fx_engine_xtc_yellow_nor2,1
mayhem,M1,fx_engine_xtc_yellow_nor3,1
mayhem,M2,fx_engine_xtc_darkblue_big,1
mayhem,M2,fx_engine_xtc_darkblue_big2,1
mayhem,M2,fx_engine_xtc_darkblue_big3,1
mayhem,M2,fx_engine_xtc_darkblue_big4,2
mayhem,M2,fx_engine_xtc_darkblue_huge3,1
mayhem,M2,fx_engine_xtc_green_big2,1
mayhem,M2,fx_engine_xtc_green_big3,3
mayhem,M2,fx_engine_xtc_lightblue_big3,2
mayhem,M2,fx_engine_xtc_magenta_big2,4
mayhem,M2,fx_engine_xtc_magenta_big3,3
mayhem,M2,fx_engine_xtc_magenta_huge,1
mayhem,M2,fx_engine_xtc_orange_big2,1
mayhem,M2,fx_engine_xtc_orange_big3,10
mayhem,M2,fx_engine_xtc_orange_big4,11
mayhem,M2,fx_engine_xtc_orange_huge,3
mayhem,M2,fx_engine_xtc_orange_huge2,1
mayhem,M2,fx_engine_xtc_peach_big,2
mayhem,M2,fx_engine_xtc_peach_big2,2
mayhem,M2,fx_engine_xtc_peach_big3,2
mayhem,M2,fx_engine_xtc_purple_big3,2
mayhem,M2,fx_engine_xtc_red_big2,2
mayhem,M2,fx_engine_xtc_red_big3,3
mayhem,M2,fx_engine_xtc_red_huge,1
mayhem,M2,fx_engine_xtc_red_nor3,1
mayhem,M2,fx_engine_xtc_white_big2,3
mayhem,M2,fx_engine_xtc_white_big3,5
mayhem,M2,fx_engine_xtc_white_big4,1
mayhem,M2,fx_engine_xtc_white_huge,1
mayhem,M2,fx_engine_xtc_white_nor3,1
mayhem,M2,fx_engine_xtc_yellow_big,2
mayhem,M2,fx_engine_xtc_yellow_big2,1
mayhem,M2,fx_engine_xtc_yellow_big3,3
mayhem,M2,fx_engine_xtc_yellow_huge,1
mayhem,M2,fx_engine_xtc_yellow_nor2,1
mayhem,M2,fx_engine_xtc_yellow_nor3,1
mayhem,M3,(none),1
mayhem,M3,fx_engine_xtc_darkblue_nor,8
mayhem,M3,fx_engine_xtc_darkblue_nor2,2
mayhem,M3,fx_engine_xtc_green_nor,9
mayhem,M3,fx_engine_xtc_lightblue_nor,9
mayhem,M3,fx_engine_xtc_lime_nor,1
mayhem,M3,fx_engine_xtc_magenta_nor,2
mayhem,M3,fx_engine_xtc_magenta_tiny,2
mayhem,M3,fx_engine_xtc_orange_nor,6
mayhem,M3,fx_engine_xtc_orange_tiny,1
mayhem,M3,fx_engine_xtc_peach_nor,15
mayhem,M3,fx_engine_xtc_red_nor,8
mayhem,M3,fx_engine_xtc_red_tiny,2
mayhem,M3,fx_engine_xtc_white_nor,8
mayhem,M3,fx_engine_xtc_white_nor2,1
mayhem,M3,fx_engine_xtc_white_tiny,2
mayhem,M3,fx_engine_xtc_yellow_nor,14
mayhem,M3,fx_engine_xtc_yellow_nor3,2
mayhem,M3,fx_engine_xtc_yellow_tiny,6
mayhem,M4,(none),1
mayhem,M4,fx_engine_xtc_darkblue_nor,4
mayhem,M4,fx_engine_xtc_darkblue_tiny,2
mayhem,M4,fx_engine_xtc_green_nor,6
mayhem,M4,fx_engine_xtc_lightblue_nor,6
mayhem,M4,fx_engine_xtc_lightblue_tiny,1
mayhem,M4,fx_engine_xtc_magenta_tiny,3
mayhem,M4,fx_engine_xtc_orange_nor,4
mayhem,M4,fx_engine_xtc_orange_tiny,1
mayhem,M4,fx_engine_xtc_peach_nor,9
mayhem,M4,fx_engine_xtc_peach_tiny,1
mayhem,M4,fx_engine_xtc_red_nor,6
mayhem,M4,fx_engine_xtc_red_tiny,6
mayhem,M4,fx_engine_xtc_white_nor,3
mayhem,M4,fx_engine_xtc_white_tiny,1
mayhem,M4,fx_engine_xtc_yellow_nor,10
mayhem,M4,fx_engine_xtc_yellow_tiny,10
mayhem,M5,(none),1
mayhem,M5,fx_engine_xtc_darkblue_nor,5
mayhem,M5,fx_engine_xtc_green_nor,6
mayhem,M5,fx_engine_xtc_lightblue_nor,4
mayhem,M5,fx_engine_xtc_lime_tiny,1
mayhem,M5,fx_engine_xtc_magenta_tiny,1
mayhem,M5,fx_engine_xtc_orange_nor,2
mayhem,M5,fx_engine_xtc_orange_tiny,1
mayhem,M5,fx_engine_xtc_peach_nor,8
mayhem,M5,fx_engine_xtc_peach_tiny,2
mayhem,M5,fx_engine_xtc_red_tiny,5
mayhem,M5,fx_engine_xtc_white_nor,1
mayhem,M5,fx_engine_xtc_yellow_nor,7
mayhem,M5,fx_engine_xtc_yellow_tiny,7
mayhem,M6,fx_engine_paranid_m6_axeface,2
mayhem,M6,fx_engine_xtc_darkblue_nor,1
mayhem,M6,fx_engine_xtc_darkblue_nor2,6
mayhem,M6,fx_engine_xtc_darkblue_nor3,1
mayhem,M6,fx_engine_xtc_green_big,2
mayhem,M6,fx_engine_xtc_green_nor3,4
mayhem,M6,fx_engine_xtc_lightblue_big,3
mayhem,M6,fx_engine_xtc_lightblue_nor2,2
mayhem,M6,fx_engine_xtc_lightblue_nor3,7
mayhem,M6,fx_engine_xtc_lime_big,1
mayhem,M6,fx_engine_xtc_lime_nor2,1
mayhem,M6,fx_engine_xtc_lime_nor3,2
mayhem,M6,fx_engine_xtc_magenta_nor3,4
mayhem,M6,fx_engine_xtc_orange_big,1
mayhem,M6,fx_engine_xtc_orange_nor,3
mayhem,M6,fx_engine_xtc_orange_nor2,5
mayhem,M6,fx_engine_xtc_orange_nor3,1
mayhem,M6,fx_engine_xtc_peach_big,2
mayhem,M6,fx_engine_xtc_peach_nor3,3
mayhem,M6,fx_engine_xtc_purple_big3,1
mayhem,M6,fx_engine_xtc_red_nor,1
mayhem,M6,fx_engine_xtc_red_nor2,1
mayhem,M6,fx_engine_xtc_red_nor3,6
mayhem,M6,fx_engine_xtc_white_big,5
mayhem,M6,fx_engine_xtc_white_big2,1
mayhem,M6,fx_engine_xtc_white_nor,1
mayhem,M6,fx_engine_xtc_white_nor2,3
mayhem,M6,fx_engine_xtc_white_nor3,3
mayhem,M6,fx_engine_xtc_yellow_big,2
mayhem,M6,fx_engine_xtc_yellow_big2,1
mayhem,M6,fx_engine_xtc_yellow_nor,9
mayhem,M6,fx_engine_xtc_yellow_nor2,7
mayhem,M6,fx_engine_xtc_yellow_nor3,8
mayhem,M6,fx_engine_xtc_yellow_tiny,2
mayhem,M7,fx_engine_xtc_darkblue_big,4
mayhem,M7,fx_engine_xtc_darkblue_big2,2
mayhem,M7,fx_engine_xtc_darkblue_big3,3
mayhem,M7,fx_engine_xtc_darkblue_big4,1
mayhem,M7,fx_engine_xtc_green_big,1
mayhem,M7,fx_engine_xtc_green_big2,3
mayhem,M7,fx_engine_xtc_green_big3,4
mayhem,M7,fx_engine_xtc_lightblue_big,3
mayhem,M7,fx_engine_xtc_lightblue_big2,2
mayhem,M7,fx_engine_xtc_lightblue_big3,2
mayhem,M7,fx_engine_xtc_lightblue_nor2,1
mayhem,M7,fx_engine_xtc_lightblue_nor3,1
mayhem,M7,fx_engine_xtc_magenta_big2,4
mayhem,M7,fx_engine_xtc_magenta_big3,1
mayhem,M7,fx_engine_xtc_orange_big2,6
mayhem,M7,fx_engine_xtc_orange_big3,9
mayhem,M7,fx_engine_xtc_peach_big2,1
mayhem,M7,fx_engine_xtc_peach_big3,2
mayhem,M7,fx_engine_xtc_peach_nor3,1
mayhem,M7,fx_engine_xtc_purple_big3,1
mayhem,M7,fx_engine_xtc_red_big,1
mayhem,M7,fx_engine_xtc_red_big2,3
mayhem,M7,fx_engine_xtc_red_big3,3
mayhem,M7,fx_engine_xtc_red_nor3,1
mayhem,M7,fx_engine_xtc_white_big,1
mayhem,M7,fx_engine_xtc_white_big2,4
mayhem,M7,fx_engine_xtc_white_big3,3
mayhem,M7,fx_engine_xtc_white_nor3,3
mayhem,M7,fx_engine_xtc_yellow_big,1
mayhem,M7,fx_engine_xtc_yellow_big2,4
mayhem,M7,fx_engine_xtc_yellow_big3,2
mayhem,M7,fx_engine_xtc_yellow_nor3,2
mayhem,M8,fx_engine_xtc_darkblue_nor,2
mayhem,M8,fx_engine_xtc_darkblue_nor2,2
mayhem,M8,fx_engine_xtc_green_nor,2
mayhem,M8,fx_engine_xtc_lightblue_nor,2
mayhem,M8,fx_engine_xtc_lightblue_nor2,2
mayhem,M8,fx_engine_xtc_orange_nor,1
mayhem,M8,fx_engine_xtc_orange_nor2,1
mayhem,M8,fx_engine_xtc_red_nor,2
mayhem,M8,fx_engine_xtc_white_nor,2
mayhem,M8,fx_engine_xtc_yellow_nor,3
mayhem,M8,fx_engine_xtc_yellow_nor2,3
mayhem,OBJ_BEACON,(none),1
mayhem,OBJ_FIGHTDRONE,fx_engine_xtc_white_tiny,1
mayhem,OBJ_FIGHTDRONE2,fx_engine_xtc_white_tiny,1
mayhem,OBJ_FIGHTDRONEUSC,fx_engine_xtc_white_tiny,1
mayhem,OBJ_FREIGHTDRONE,(none),1
mayhem,OBJ_JUMPBEACON,(none),1
mayhem,OBJ_MINE,(none),1
mayhem,OBJ_MINE2,(none),1
mayhem,OBJ_MINE3,(none),1
mayhem,OBJ_MINETR,(none),1
mayhem,OBJ_ORBITALLASER,(none),1
mayhem,OBJ_SATELLITE,(none),1
mayhem,OBJ_SATELLITE2,(none),1
mayhem,OBJ_SPACEFLY,(none),1
mayhem,TL,fx_engine_xtc_darkblue_huge2,1
mayhem,TL,fx_engine_xtc_green_big3,1
mayhem,TL,fx_engine_xtc_lightblue_huge,1
mayhem,TL,fx_engine_xtc_lime_big3,2
mayhem,TL,fx_engine_xtc_magenta_big2,1
mayhem,TL,fx_engine_xtc_orange_big4,1
mayhem,TL,fx_engine_xtc_red_big2,1
mayhem,TL,fx_engine_xtc_red_big3,1
mayhem,TL,fx_engine_xtc_white_big,1
mayhem,TL,fx_engine_xtc_white_big2,2
mayhem,TL,fx_engine_xtc_white_big3,3
mayhem,TL,fx_engine_xtc_yellow_big,1
mayhem,TL,fx_engine_xtc_yellow_big2,2
mayhem,TL,fx_engine_xtc_yellow_big3,1
mayhem,TL,fx_engine_xtc_yellow_huge,1
mayhem,TL,fx_engine_xtc_yellow_nor2,1
mayhem,TL,fx_engine_xtc_yellow_nor3,1
mayhem,TM,fx_engine_xtc_darkblue_big,1
mayhem,TM,fx_engine_xtc_darkblue_nor,1
mayhem,TM,fx_engine_xtc_darkblue_nor3,1
mayhem,TM,fx_engine_xtc_green_nor,2
mayhem,TM,fx_engine_xtc_lightblue_nor2,2
mayhem,TM,fx_engine_xtc_lightblue_nor3,2
mayhem,TM,fx_engine_xtc_orange_big,1
mayhem,TM,fx_engine_xtc_orange_nor2,2
mayhem,TM,fx_engine_xtc_peach_nor,1
mayhem,TM,fx_engine_xtc_red_nor,2
mayhem,TM,fx_engine_xtc_red_tiny,2
mayhem,TM,fx_engine_xtc_white_big,2
mayhem,TM,fx_engine_xtc_white_nor,3
mayhem,TM,fx_engine_xtc_white_nor2,2
mayhem,TM,fx_engine_xtc_yellow_nor2,2
mayhem,TM,fx_engine_xtc_yellow_nor3,4
mayhem,TM,fx_engine_xtc_yellow_tiny,2
mayhem,TP,fx_engine_xtc_darkblue_big,3
mayhem,TP,fx_engine_xtc_darkblue_nor,3
mayhem,TP,fx_engine_xtc_darkblue_nor3,3
mayhem,TP,fx_engine_xtc_green_nor,5
mayhem,TP,fx_engine_xtc_green_nor2,2
mayhem,TP,fx_engine_xtc_green_nor3,2
mayhem,TP,fx_engine_xtc_lightblue_nor2,2
mayhem,TP,fx_engine_xtc_lightblue_nor3,4
mayhem,TP,fx_engine_xtc_lime_nor3,1
mayhem,TP,fx_engine_xtc_orange_nor3,1
mayhem,TP,fx_engine_xtc_red_nor,2
mayhem,TP,fx_engine_xtc_red_nor2,2
mayhem,TP,fx_engine_xtc_red_nor3,2
mayhem,TP,fx_engine_xtc_red_tiny,2
mayhem,TP,fx_engine_xtc_white_nor,1
mayhem,TP,fx_engine_xtc_white_nor2,3
mayhem,TP,fx_engine_xtc_white_nor3,2
mayhem,TP,fx_engine_xtc_yellow_nor3,2
mayhem,TP,fx_engine_xtc_yellow_tiny,2
mayhem,TP,v/00114,2
mayhem,TS,fx_engine_xtc_darkblue_big,11
mayhem,TS,fx_engine_xtc_darkblue_nor,10
mayhem,TS,fx_engine_xtc_darkblue_nor3,12
mayhem,TS,fx_engine_xtc_green_nor,10
mayhem,TS,fx_engine_xtc_green_nor2,2
mayhem,TS,fx_engine_xtc_lightblue_nor2,10
mayhem,TS,fx_engine_xtc_lightblue_nor3,8
mayhem,TS,fx_engine_xtc_lime_nor3,1
mayhem,TS,fx_engine_xtc_magenta_big,2
mayhem,TS,fx_engine_xtc_orange_nor2,4
mayhem,TS,fx_engine_xtc_red_nor,8
mayhem,TS,fx_engine_xtc_red_nor3,2
mayhem,TS,fx_engine_xtc_red_tiny,8
mayhem,TS,fx_engine_xtc_white_nor2,2
mayhem,TS,fx_engine_xtc_white_nor3,6
mayhem,TS,fx_engine_xtc_yellow_nor2,2
mayhem,TS,fx_engine_xtc_yellow_nor3,8
mayhem,TS,fx_engine_xtc_yellow_tiny,8
mayhem,TS,fx_engine_xtraotas_ts1,1
mayhem,TS,fx_engine_xtraotas_ts3,1
mayhem,UFO,(none),1
