view,body,ships,parts,source,sha12,format,lods,value,points,min_x,max_x,min_y,max_y,min_z,max_z,vis_min_z,vis_max_z,vis_width,text_min_z,text_max_z,hue_sat_bright_contrast,classic_material_diffuse_rgb,materials,effect,blend_src_dst,zwrite,diffuse,texture_members,tex_size,frames,mean_rgb,alpha_weighted_rgb,p95_rgb,peak_rgb,alpha_mean,cluster
stock,fx_engine_argon_m3,9,10,01.cat,40dc94bd3308,BOB1,1,4170,1080,-762,762,-558,558,-4170,0,-4170,0,1525,,,0.0 1.0 1.0 1.0,,1,engine.fx,2/4,0,-79.tga,01.cat:dds/fx_engine_blue1_diff.pck | 01.cat:dds/fx_engine_blue2_diff.pck | 01.cat:dds/fx_engine_blue3_diff.pck | 01.cat:dds/fx_engine_blue4_diff.pck,512x512,4,#265163,#4ba0bf,#76e6f8,#8ef2fe,0.437,cyan
stock,fx_engine_argon_m3plus,1,1,01.cat,8b0cf2126abb,BOB1,1,3588,288,-889,889,-1973,1973,-3588,3588,-3588,3588,3946,,,- - - -,,1,engine.fx,2/2,0,-79.tga,01.cat:dds/fx_engine_blue1_diff.pck | 01.cat:dds/fx_engine_blue2_diff.pck | 01.cat:dds/fx_engine_blue3_diff.pck | 01.cat:dds/fx_engine_blue4_diff.pck,512x512,4,#265163,#4ba0bf,#76e6f8,#8ef2fe,0.437,cyan
stock,fx_engine_argon_m3pxtm,5,5,01.cat,b8c1c588d653,BOB1,1,6397,342,-2532,2473,-2308,42,-6397,-179,-6397,-179,5005,,,0.0 1.0 1.0 1.2,,1,effects.fx,2/2,0,-79.tga,01.cat:dds/fx_engine_blue1_diff.pck | 01.cat:dds/fx_engine_blue2_diff.pck | 01.cat:dds/fx_engine_blue3_diff.pck | 01.cat:dds/fx_engine_blue4_diff.pck,512x512,4,#265163,#4ba0bf,#76e6f8,#8ef2fe,0.437,cyan
stock,fx_engine_argon_m4,6,6,01.cat,2bbec3e6b08d,BOB1,1,1443,792,-165,165,-334,334,-1443,0,-1443,0,669,,,0.0 1.0 1.0 1.0,,1,engine.fx,2/4,0,-79.tga,01.cat:dds/fx_engine_blue1_diff.pck | 01.cat:dds/fx_engine_blue2_diff.pck | 01.cat:dds/fx_engine_blue3_diff.pck | 01.cat:dds/fx_engine_blue4_diff.pck,512x512,4,#265163,#4ba0bf,#76e6f8,#8ef2fe,0.437,cyan
stock,fx_engine_argon_m4p_lower,3,3,01.cat,eef31cbf4b2d,BOB1,1,3719,72,-533,489,-104,97,-3719,24,-3719,24,1021,,,- - - -,,1,engine.fx,2/2,0,-79.tga,01.cat:dds/fx_engine_blue1_diff.pck | 01.cat:dds/fx_engine_blue2_diff.pck | 01.cat:dds/fx_engine_blue3_diff.pck | 01.cat:dds/fx_engine_blue4_diff.pck,512x512,4,#265163,#4ba0bf,#76e6f8,#8ef2fe,0.437,cyan
stock,fx_engine_argon_m4p_upper,3,3,01.cat,426905c66fb2,BOB1,1,2471,456,-837,827,-221,341,-2471,14,-2471,14,1664,,,- - - -,,1,engine.fx,2/2,0,-79.tga,01.cat:dds/fx_engine_blue1_diff.pck | 01.cat:dds/fx_engine_blue2_diff.pck | 01.cat:dds/fx_engine_blue3_diff.pck | 01.cat:dds/fx_engine_blue4_diff.pck,512x512,4,#265163,#4ba0bf,#76e6f8,#8ef2fe,0.437,cyan
stock,fx_engine_argon_m5,6,6,01.cat,6e508429b2aa,BOB1,1,3329,355,-435,435,-582,582,-3329,3329,-3329,3329,1164,,,- - - -,,1,engine.fx,2/2,0,-79.tga,01.cat:dds/fx_engine_blue1_diff.pck | 01.cat:dds/fx_engine_blue2_diff.pck | 01.cat:dds/fx_engine_blue3_diff.pck | 01.cat:dds/fx_engine_blue4_diff.pck,512x512,4,#265163,#4ba0bf,#76e6f8,#8ef2fe,0.437,cyan
stock,fx_engine_argon_m8_middle,2,2,01.cat,3d5159b85cb9,BOB1,1,3956,56,-2578,2578,-465,369,-3956,417,-3956,417,5157,,,- - - -,,1,effects.fx,2/4,0,-79.tga,01.cat:dds/fx_engine_blue1_diff.pck | 01.cat:dds/fx_engine_blue2_diff.pck | 01.cat:dds/fx_engine_blue3_diff.pck | 01.cat:dds/fx_engine_blue4_diff.pck,512x512,4,#265163,#4ba0bf,#76e6f8,#8ef2fe,0.437,cyan
stock,fx_engine_argon_m8_topbottom,2,2,01.cat,4cfc3c63f217,BOB1,1,5180,69,-638,638,-1299,1282,-5180,169,-5180,169,2581,,,- - - -,,1,effects.fx,2/4,0,-79.tga,01.cat:dds/fx_engine_blue1_diff.pck | 01.cat:dds/fx_engine_blue2_diff.pck | 01.cat:dds/fx_engine_blue3_diff.pck | 01.cat:dds/fx_engine_blue4_diff.pck,512x512,4,#265163,#4ba0bf,#76e6f8,#8ef2fe,0.437,cyan
stock,fx_engine_argon_tm,1,1,01.cat,cc369e992780,BOB1,1,6638,1350,-5985,5985,-4592,4592,-4438,6638,-4438,6638,11970,,,- - - -,,1,engine.fx,2/4,0,-79.tga,01.cat:dds/fx_engine_blue1_diff.pck | 01.cat:dds/fx_engine_blue2_diff.pck | 01.cat:dds/fx_engine_blue3_diff.pck | 01.cat:dds/fx_engine_blue4_diff.pck,512x512,4,#265163,#4ba0bf,#76e6f8,#8ef2fe,0.437,cyan
stock,fx_engine_argon_ts,12,12,01.cat,80e37b0f73f2,BOB1,1,4787,384,-4787,4787,-3673,3673,-4429,34,-4429,34,9574,,,0.0 1.0 1.0 1.0,,1,effects.fx,2/4,0,-79.tga,01.cat:dds/fx_engine_blue1_diff.pck | 01.cat:dds/fx_engine_blue2_diff.pck | 01.cat:dds/fx_engine_blue3_diff.pck | 01.cat:dds/fx_engine_blue4_diff.pck,512x512,4,#265163,#4ba0bf,#76e6f8,#8ef2fe,0.437,cyan
stock,fx_engine_atf_m3,1,1,01.cat,b5bc2794e609,BOB1,1,3094,247,-2973,2962,-293,449,-3094,2361,-3094,2361,5934,,,- - - -,,1,effects.fx,2/4,0,-79.tga,01.cat:dds/fx_engine_blue1_diff.pck | 01.cat:dds/fx_engine_blue2_diff.pck | 01.cat:dds/fx_engine_blue3_diff.pck | 01.cat:dds/fx_engine_blue4_diff.pck,512x512,4,#265163,#4ba0bf,#76e6f8,#8ef2fe,0.437,cyan
stock,fx_engine_atf_m3p,1,1,01.cat,3c951e9f0e24,BOB1,1,3514,164,-1888,1889,-449,449,-3514,2795,-3514,2795,3777,,,- - - -,,1,effects.fx,2/4,0,-79.tga,01.cat:dds/fx_engine_blue1_diff.pck | 01.cat:dds/fx_engine_blue2_diff.pck | 01.cat:dds/fx_engine_blue3_diff.pck | 01.cat:dds/fx_engine_blue4_diff.pck,512x512,4,#265163,#4ba0bf,#76e6f8,#8ef2fe,0.437,cyan
stock,fx_engine_atf_m6m,1,1,01.cat,4e65b132567e,BOB1,1,9752,40,-2535,2504,-1459,3237,-9752,9612,-9752,9612,5039,,,- - - -,,1,effects.fx,2/4,0,-79.tga,01.cat:dds/fx_engine_blue1_diff.pck | 01.cat:dds/fx_engine_blue2_diff.pck | 01.cat:dds/fx_engine_blue3_diff.pck | 01.cat:dds/fx_engine_blue4_diff.pck,512x512,4,#265163,#4ba0bf,#76e6f8,#8ef2fe,0.437,cyan
stock,fx_engine_atf_m6m_sides,1,1,01.cat,29fb493542f0,BOB1,1,14068,76,-11266,11266,-1324,1324,-14068,13973,-14068,13973,22532,,,- - - -,,1,effects.fx,2/4,0,-79.tga,01.cat:dds/fx_engine_blue1_diff.pck | 01.cat:dds/fx_engine_blue2_diff.pck | 01.cat:dds/fx_engine_blue3_diff.pck | 01.cat:dds/fx_engine_blue4_diff.pck,512x512,4,#265163,#4ba0bf,#76e6f8,#8ef2fe,0.437,cyan
stock,fx_engine_boron_m3,11,16,addon/01.cat,c56cdbf1c5e2,text,1,3750,59,-469,469,-469,469,-3750,3750,-3750,3,938,-8957,8957,,#959595,1,(classic),classic flags 2,,155.jpg,01.cat:tex/true/155.jpg,128x128,1,#3e393e,#3e393e,#deecd7,#ffffff,1.0,white/grey
stock,fx_engine_boron_m3p,2,2,01.cat,a574233e67c2,BOB1,1,3440,97,-488,489,-161,161,-3440,1266,-3440,1266,977,,,- - - -,,1,effects.fx,2/4,0,-79.tga,01.cat:dds/fx_engine_blue1_diff.pck | 01.cat:dds/fx_engine_blue2_diff.pck | 01.cat:dds/fx_engine_blue3_diff.pck | 01.cat:dds/fx_engine_blue4_diff.pck,512x512,4,#265163,#4ba0bf,#76e6f8,#8ef2fe,0.437,cyan
stock,fx_engine_boron_m4,5,5,01.cat,67aec56ed205,BOB1,1,1126,246,-248,248,-135,135,-1126,0,-1126,0,497,,,0.0 1.0 1.0 1.0,,1,engine.fx,2/4,0,-79.tga,01.cat:dds/fx_engine_blue1_diff.pck | 01.cat:dds/fx_engine_blue2_diff.pck | 01.cat:dds/fx_engine_blue3_diff.pck | 01.cat:dds/fx_engine_blue4_diff.pck,512x512,4,#265163,#4ba0bf,#76e6f8,#8ef2fe,0.437,cyan
stock,fx_engine_boron_m5,2,2,01.cat,680cb31f150b,BOB1,1,2486,1086,-678,678,-535,535,-2486,2486,-2486,2486,1356,,,- - - -,,1,engine.fx,2/2,0,-79.tga,01.cat:dds/fx_engine_blue1_diff.pck | 01.cat:dds/fx_engine_blue2_diff.pck | 01.cat:dds/fx_engine_blue3_diff.pck | 01.cat:dds/fx_engine_blue4_diff.pck,512x512,4,#265163,#4ba0bf,#76e6f8,#8ef2fe,0.437,cyan
stock,fx_engine_boron_qy,1,1,01.cat,9133f9d5ba3d,BOB1,1,4268,160,-3836,3836,-908,913,-4268,8,-4268,8,7673,,,- - - -,,1,effects.fx,2/4,0,-79.tga,01.cat:dds/fx_engine_blue1_diff.pck | 01.cat:dds/fx_engine_blue2_diff.pck | 01.cat:dds/fx_engine_blue3_diff.pck | 01.cat:dds/fx_engine_blue4_diff.pck,512x512,4,#265163,#4ba0bf,#76e6f8,#8ef2fe,0.437,cyan
stock,fx_engine_boron_tm_a,1,1,01.cat,67417fcaaa9e,BOB1,1,5676,246,-5676,5676,-649,649,-4309,4309,-4309,4309,11352,,,- - - -,,1,effects.fx,2/4,0,-79.tga,01.cat:dds/fx_engine_blue1_diff.pck | 01.cat:dds/fx_engine_blue2_diff.pck | 01.cat:dds/fx_engine_blue3_diff.pck | 01.cat:dds/fx_engine_blue4_diff.pck,512x512,4,#265163,#4ba0bf,#76e6f8,#8ef2fe,0.437,cyan
stock,fx_engine_boron_tm_b,1,1,01.cat,a22fb923f293,BOB1,1,4384,204,-1160,1160,-846,846,-4384,4384,-4384,4384,2319,,,- - - -,,1,effects.fx,2/4,0,-79.tga,01.cat:dds/fx_engine_blue1_diff.pck | 01.cat:dds/fx_engine_blue2_diff.pck | 01.cat:dds/fx_engine_blue3_diff.pck | 01.cat:dds/fx_engine_blue4_diff.pck,512x512,4,#265163,#4ba0bf,#76e6f8,#8ef2fe,0.437,cyan
stock,fx_engine_boron_ts_a,9,9,01.cat,2261c273f9be,BOB1,1,4539,240,-4539,4539,-519,419,-3446,52,-3446,52,9078,,,0.0 1.0 1.0 1.0,,1,effects.fx,2/4,0,-79.tga,01.cat:dds/fx_engine_blue1_diff.pck | 01.cat:dds/fx_engine_blue2_diff.pck | 01.cat:dds/fx_engine_blue3_diff.pck | 01.cat:dds/fx_engine_blue4_diff.pck,512x512,4,#265163,#4ba0bf,#76e6f8,#8ef2fe,0.437,cyan
stock,fx_engine_boron_ts_b,9,9,01.cat,5957c74662b4,BOB1,1,3506,200,-927,927,-676,676,-3506,0,-3506,0,1855,,,0.0 1.0 1.0 1.0,,1,effects.fx,2/4,0,-79.tga,01.cat:dds/fx_engine_blue1_diff.pck | 01.cat:dds/fx_engine_blue2_diff.pck | 01.cat:dds/fx_engine_blue3_diff.pck | 01.cat:dds/fx_engine_blue4_diff.pck,512x512,4,#265163,#4ba0bf,#76e6f8,#8ef2fe,0.437,cyan
stock,fx_engine_emitter,186,306,01.cat,d14ba6cce8d6,BOB1,1,17,12,-17,17,-17,17,-17,17,-17,17,34,,,- - - -,,1,standard_lighting.fx,2/2,0,effects\others\fx_black_diff.tga,01.cat:dds/fx_black_diff.pck,64x64,1,#000000,#000000,#000000,#000000,0.0,black
stock,effects/engines/fx_engine_emitter_disable,1,1,ERROR no body resource for objects/effects/engines/fx_engine_emitter_disable
stock,fx_engine_lc_m3,1,1,01.cat,19ba57442e6a,BOB1,1,3997,160,-3997,3997,-309,309,-2906,3034,-2906,3034,7994,,,- - - -,,1,engine.fx,2/4,0,-79.tga,01.cat:dds/fx_engine_blue1_diff.pck | 01.cat:dds/fx_engine_blue2_diff.pck | 01.cat:dds/fx_engine_blue3_diff.pck | 01.cat:dds/fx_engine_blue4_diff.pck,512x512,4,#265163,#4ba0bf,#76e6f8,#8ef2fe,0.437,cyan
stock,fx_engine_lc_m3_middle,1,1,01.cat,895c31f76171,BOB1,1,3033,83,-327,327,-309,310,-2907,3033,-2907,3033,654,,,- - - -,,1,engine.fx,2/4,0,-79.tga,01.cat:dds/fx_engine_blue1_diff.pck | 01.cat:dds/fx_engine_blue2_diff.pck | 01.cat:dds/fx_engine_blue3_diff.pck | 01.cat:dds/fx_engine_blue4_diff.pck,512x512,4,#265163,#4ba0bf,#76e6f8,#8ef2fe,0.437,cyan
stock,fx_engine_lc_m6,1,1,01.cat,45438a26dd8b,BOB1,1,16123,258,-3186,3244,-1693,1502,-16123,16057,-16123,16057,6430,,,- - - -,,1,effects.fx,2/4,0,-79.tga,01.cat:dds/fx_engine_blue1_diff.pck | 01.cat:dds/fx_engine_blue2_diff.pck | 01.cat:dds/fx_engine_blue3_diff.pck | 01.cat:dds/fx_engine_blue4_diff.pck,512x512,4,#265163,#4ba0bf,#76e6f8,#8ef2fe,0.437,cyan
stock,fx_engine_otas_m3_lower,1,1,01.cat,6a25460c31b9,BOB1,1,1863,624,-311,245,-627,527,-1863,475,-1863,475,1154,,,- - - -,,1,effects.fx,2/2,0,-79.tga,01.cat:dds/fx_engine_blue1_diff.pck | 01.cat:dds/fx_engine_blue2_diff.pck | 01.cat:dds/fx_engine_blue3_diff.pck | 01.cat:dds/fx_engine_blue4_diff.pck,512x512,4,#265163,#4ba0bf,#76e6f8,#8ef2fe,0.437,cyan
stock,fx_engine_otas_m3_upper,1,1,01.cat,f94401389183,BOB1,1,1661,105,-234,162,-1167,732,-1661,345,-1661,345,1899,,,- - - -,,1,effects.fx,2/2,0,-79.tga,01.cat:dds/fx_engine_blue1_diff.pck | 01.cat:dds/fx_engine_blue2_diff.pck | 01.cat:dds/fx_engine_blue3_diff.pck | 01.cat:dds/fx_engine_blue4_diff.pck,512x512,4,#265163,#4ba0bf,#76e6f8,#8ef2fe,0.437,cyan
stock,fx_engine_otas_m4,1,1,01.cat,aa619b222967,BOB1,1,2613,672,-1257,1257,-157,365,-2613,357,-2613,357,2514,,,- - - -,,1,effects.fx,2/4,0,-79.tga,01.cat:dds/fx_engine_blue1_diff.pck | 01.cat:dds/fx_engine_blue2_diff.pck | 01.cat:dds/fx_engine_blue3_diff.pck | 01.cat:dds/fx_engine_blue4_diff.pck,512x512,4,#265163,#4ba0bf,#76e6f8,#8ef2fe,0.437,cyan
stock,fx_engine_otas_m4p,1,1,01.cat,414d5b78a70c,BOB1,1,2862,510,-216,220,-799,799,-2844,2862,-2844,2862,1597,,,- - - -,,1,engine.fx,2/4,0,-79.tga,01.cat:dds/fx_engine_blue1_diff.pck | 01.cat:dds/fx_engine_blue2_diff.pck | 01.cat:dds/fx_engine_blue3_diff.pck | 01.cat:dds/fx_engine_blue4_diff.pck,512x512,4,#265163,#4ba0bf,#76e6f8,#8ef2fe,0.437,cyan
stock,fx_engine_otas_m4p_sides,1,1,01.cat,0d3a8515dbf0,BOB1,1,2853,510,-1709,1722,-609,609,-2853,2853,-2853,2853,3430,,,- - - -,,1,engine.fx,2/4,0,-79.tga,01.cat:dds/fx_engine_blue1_diff.pck | 01.cat:dds/fx_engine_blue2_diff.pck | 01.cat:dds/fx_engine_blue3_diff.pck | 01.cat:dds/fx_engine_blue4_diff.pck,512x512,4,#265163,#4ba0bf,#76e6f8,#8ef2fe,0.437,cyan
stock,fx_engine_otas_tm1,1,1,01.cat,d2b66b1f1d14,BOB1,1,8055,60,-3399,3399,-3321,3387,-8055,28,-8055,28,6799,,,- - - -,,1,effects.fx,2/4,0,-79.tga,01.cat:dds/fx_engine_blue1_diff.pck | 01.cat:dds/fx_engine_blue2_diff.pck | 01.cat:dds/fx_engine_blue3_diff.pck | 01.cat:dds/fx_engine_blue4_diff.pck,512x512,4,#265163,#4ba0bf,#76e6f8,#8ef2fe,0.437,cyan
stock,fx_engine_otas_tm2,1,1,01.cat,54f2cfdf10c6,BOB1,1,6485,48,-6485,6485,-2067,2019,-6300,601,-6300,601,12970,,,- - - -,,1,effects.fx,2/4,0,-79.tga,01.cat:dds/fx_engine_blue1_diff.pck | 01.cat:dds/fx_engine_blue2_diff.pck | 01.cat:dds/fx_engine_blue3_diff.pck | 01.cat:dds/fx_engine_blue4_diff.pck,512x512,4,#265163,#4ba0bf,#76e6f8,#8ef2fe,0.437,cyan
stock,fx_engine_otas_tm3,1,1,01.cat,853cc63cfbd1,BOB1,1,8827,60,-2559,2559,-2625,2425,-8827,18,-8827,18,5118,,,- - - -,,1,effects.fx,2/4,0,-79.tga,01.cat:dds/fx_engine_blue1_diff.pck | 01.cat:dds/fx_engine_blue2_diff.pck | 01.cat:dds/fx_engine_blue3_diff.pck | 01.cat:dds/fx_engine_blue4_diff.pck,512x512,4,#265163,#4ba0bf,#76e6f8,#8ef2fe,0.437,cyan
stock,fx_engine_otas_ts1,1,4,01.cat,65c147701950,BOB1,1,6070,31,-1234,1235,-1261,1255,-6070,7,-6070,7,2516,,,- - - -,,1,engine.fx,2/4,0,-79.tga,01.cat:dds/fx_engine_blue1_diff.pck | 01.cat:dds/fx_engine_blue2_diff.pck | 01.cat:dds/fx_engine_blue3_diff.pck | 01.cat:dds/fx_engine_blue4_diff.pck,512x512,4,#265163,#4ba0bf,#76e6f8,#8ef2fe,0.437,cyan
stock,fx_engine_otas_ts2,1,1,01.cat,ce508b7e7ea9,BOB1,1,2958,44,-2659,2659,-2219,2259,-2958,4,-2958,4,5318,,,- - - -,,1,engine.fx,2/4,0,-79.tga,01.cat:dds/fx_engine_blue1_diff.pck | 01.cat:dds/fx_engine_blue2_diff.pck | 01.cat:dds/fx_engine_blue3_diff.pck | 01.cat:dds/fx_engine_blue4_diff.pck,512x512,4,#265163,#4ba0bf,#76e6f8,#8ef2fe,0.437,cyan
stock,fx_engine_otas_ts3,1,1,01.cat,1b87174dcfb5,BOB1,1,9549,72,-9547,9549,-2386,2389,-2659,105,-2659,105,19096,,,- - - -,,1,engine.fx,2/4,0,-79.tga,01.cat:dds/fx_engine_blue1_diff.pck | 01.cat:dds/fx_engine_blue2_diff.pck | 01.cat:dds/fx_engine_blue3_diff.pck | 01.cat:dds/fx_engine_blue4_diff.pck,512x512,4,#265163,#4ba0bf,#76e6f8,#8ef2fe,0.437,cyan
stock,fx_engine_otas_ts_small,1,1,01.cat,a5450dee2406,BOB1,1,7331,72,-4403,4403,-1136,1135,-7331,52,-7331,52,8805,,,- - - -,,1,engine.fx,2/4,0,-79.tga,01.cat:dds/fx_engine_blue1_diff.pck | 01.cat:dds/fx_engine_blue2_diff.pck | 01.cat:dds/fx_engine_blue3_diff.pck | 01.cat:dds/fx_engine_blue4_diff.pck,512x512,4,#265163,#4ba0bf,#76e6f8,#8ef2fe,0.437,cyan
stock,fx_engine_paranid_m3,3,3,01.cat,a54481463b56,BOB1,1,3913,1069,-1050,1050,-362,362,-3913,0,-3913,0,2099,,,0.0 1.0 1.0 1.0,,1,engine.fx,2/4,0,-79.tga,01.cat:dds/fx_engine_blue1_diff.pck | 01.cat:dds/fx_engine_blue2_diff.pck | 01.cat:dds/fx_engine_blue3_diff.pck | 01.cat:dds/fx_engine_blue4_diff.pck,512x512,4,#265163,#4ba0bf,#76e6f8,#8ef2fe,0.437,cyan
stock,fx_engine_paranid_m3_var1,6,6,01.cat,4b4e400593a0,BOB1,1,3491,580,-836,836,-300,300,-3491,8,-3491,8,1673,,,0.0 1.0 1.0 1.0,,1,engine.fx,2/4,0,-79.tga,01.cat:dds/fx_engine_blue1_diff.pck | 01.cat:dds/fx_engine_blue2_diff.pck | 01.cat:dds/fx_engine_blue3_diff.pck | 01.cat:dds/fx_engine_blue4_diff.pck,512x512,4,#265163,#4ba0bf,#76e6f8,#8ef2fe,0.437,cyan
stock,fx_engine_paranid_m3plus,2,2,01.cat,b48dd13c22ed,BOB1,1,3000,390,-2313,2313,-550,550,-3000,3000,-3000,3000,4625,,,- - - -,,1,engine.fx,2/2,0,-79.tga,01.cat:dds/fx_engine_blue1_diff.pck | 01.cat:dds/fx_engine_blue2_diff.pck | 01.cat:dds/fx_engine_blue3_diff.pck | 01.cat:dds/fx_engine_blue4_diff.pck,512x512,4,#265163,#4ba0bf,#76e6f8,#8ef2fe,0.437,cyan
stock,fx_engine_paranid_m4,9,9,01.cat,e7ecb5d88c16,BOB1,1,3634,1590,-343,343,-891,891,-3634,3634,-3634,3634,1783,,,- - - -,,1,engine.fx,2/2,0,-79.tga,01.cat:dds/fx_engine_blue1_diff.pck | 01.cat:dds/fx_engine_blue2_diff.pck | 01.cat:dds/fx_engine_blue3_diff.pck | 01.cat:dds/fx_engine_blue4_diff.pck,512x512,4,#265163,#4ba0bf,#76e6f8,#8ef2fe,0.437,cyan
stock,fx_engine_paranid_m4p,1,1,01.cat,5b24d80baea4,BOB1,1,2273,102,-359,359,-361,361,-2273,2273,-2273,2273,721,,,- - - -,,1,effects.fx,2/4,0,-79.tga,01.cat:dds/fx_engine_blue1_diff.pck | 01.cat:dds/fx_engine_blue2_diff.pck | 01.cat:dds/fx_engine_blue3_diff.pck | 01.cat:dds/fx_engine_blue4_diff.pck,512x512,4,#265163,#4ba0bf,#76e6f8,#8ef2fe,0.437,cyan
stock,fx_engine_paranid_m4p_upper,1,1,01.cat,b213ff107840,BOB1,1,1378,576,-57,57,-57,57,-1378,7,-1378,7,113,,,- - - -,,1,effects.fx,2/4,0,-79.tga,01.cat:dds/fx_engine_blue1_diff.pck | 01.cat:dds/fx_engine_blue2_diff.pck | 01.cat:dds/fx_engine_blue3_diff.pck | 01.cat:dds/fx_engine_blue4_diff.pck,512x512,4,#265163,#4ba0bf,#76e6f8,#8ef2fe,0.437,cyan
stock,fx_engine_paranid_m5,2,2,01.cat,3b869056fe51,BOB1,1,2733,1392,-2643,2643,-755,755,-2733,0,-2733,0,5286,,,0.0 1.0 1.0 1.0,,1,engine.fx,2/4,0,-79.tga,01.cat:dds/fx_engine_blue1_diff.pck | 01.cat:dds/fx_engine_blue2_diff.pck | 01.cat:dds/fx_engine_blue3_diff.pck | 01.cat:dds/fx_engine_blue4_diff.pck,512x512,4,#265163,#4ba0bf,#76e6f8,#8ef2fe,0.437,cyan
stock,fx_engine_paranid_m5_var1,1,1,01.cat,3c293648fa34,BOB1,1,2877,1035,-1879,1879,-1129,1129,-2877,2,-2877,2,3757,,,0.0 1.0 1.0 1.0,,1,engine.fx,2/4,0,-79.tga,01.cat:dds/fx_engine_blue1_diff.pck | 01.cat:dds/fx_engine_blue2_diff.pck | 01.cat:dds/fx_engine_blue3_diff.pck | 01.cat:dds/fx_engine_blue4_diff.pck,512x512,4,#265163,#4ba0bf,#76e6f8,#8ef2fe,0.437,cyan
stock,fx_engine_paranid_m5_var2,3,3,01.cat,d786ab3eb469,BOB1,1,2733,2126,-2643,2643,-1578,1578,-2733,0,-2733,0,5286,,,0.0 1.0 1.0 1.0,,1,engine.fx,2/4,0,-79.tga,01.cat:dds/fx_engine_blue1_diff.pck | 01.cat:dds/fx_engine_blue2_diff.pck | 01.cat:dds/fx_engine_blue3_diff.pck | 01.cat:dds/fx_engine_blue4_diff.pck,512x512,4,#265163,#4ba0bf,#76e6f8,#8ef2fe,0.437,cyan
stock,fx_engine_paranid_m5_var3,1,1,01.cat,1858d9621de3,BOB1,1,2733,2164,-1810,1810,-1939,1939,-2733,0,-2733,0,3878,,,0.0 1.0 1.0 1.0,,1,engine.fx,2/4,0,-79.tga,01.cat:dds/fx_engine_blue1_diff.pck | 01.cat:dds/fx_engine_blue2_diff.pck | 01.cat:dds/fx_engine_blue3_diff.pck | 01.cat:dds/fx_engine_blue4_diff.pck,512x512,4,#265163,#4ba0bf,#76e6f8,#8ef2fe,0.437,cyan
stock,fx_engine_paranid_m6m,1,1,01.cat,e64e6787117c,BOB1,1,6240,289,-4453,4453,-2921,2921,-6240,573,-6240,573,8906,,,- - - -,,1,effects.fx,2/2,0,-79.tga,01.cat:dds/fx_engine_blue1_diff.pck | 01.cat:dds/fx_engine_blue2_diff.pck | 01.cat:dds/fx_engine_blue3_diff.pck | 01.cat:dds/fx_engine_blue4_diff.pck,512x512,4,#265163,#4ba0bf,#76e6f8,#8ef2fe,0.437,cyan
stock,fx_engine_paranid_m6plus,1,1,01.cat,909d63376593,BOB1,1,8373,520,-8373,8373,-4140,4140,-7305,7305,-7305,7305,16746,,,- - - -,,1,engine.fx,2/2,0,-79.tga,01.cat:dds/fx_engine_blue1_diff.pck | 01.cat:dds/fx_engine_blue2_diff.pck | 01.cat:dds/fx_engine_blue3_diff.pck | 01.cat:dds/fx_engine_blue4_diff.pck,512x512,4,#265163,#4ba0bf,#76e6f8,#8ef2fe,0.437,cyan
stock,fx_engine_paranid_m81,1,1,01.cat,4577e3f64a83,BOB1,1,3822,56,-533,533,-669,669,-3822,3,-3822,3,1338,,,- - - -,,1,effects.fx,2/4,0,-79.tga,01.cat:dds/fx_engine_blue1_diff.pck | 01.cat:dds/fx_engine_blue2_diff.pck | 01.cat:dds/fx_engine_blue3_diff.pck | 01.cat:dds/fx_engine_blue4_diff.pck,512x512,4,#265163,#4ba0bf,#76e6f8,#8ef2fe,0.437,cyan
stock,fx_engine_paranid_m82,1,1,01.cat,61f3e4aa9401,BOB1,1,3213,212,-3213,3213,-1613,1613,-1905,-4,-1905,-4,6426,,,- - - -,,1,effects.fx,2/4,0,-79.tga,01.cat:dds/fx_engine_blue1_diff.pck | 01.cat:dds/fx_engine_blue2_diff.pck | 01.cat:dds/fx_engine_blue3_diff.pck | 01.cat:dds/fx_engine_blue4_diff.pck,512x512,4,#265163,#4ba0bf,#76e6f8,#8ef2fe,0.437,cyan
stock,fx_engine_paranid_tm,3,3,01.cat,4b484b813848,BOB1,1,4488,629,-3928,3728,-1368,1276,-4488,4375,-4488,4375,7657,,,- - - -,,1,effects.fx,2/4,0,-79.tga,01.cat:dds/fx_engine_blue1_diff.pck | 01.cat:dds/fx_engine_blue2_diff.pck | 01.cat:dds/fx_engine_blue3_diff.pck | 01.cat:dds/fx_engine_blue4_diff.pck,512x512,4,#265163,#4ba0bf,#76e6f8,#8ef2fe,0.437,cyan
stock,fx_engine_paranid_ts,9,9,01.cat,be48b3faad8f,BOB1,1,3499,640,-2801,2799,-1020,941,-3499,0,-3499,0,5600,,,0.0 1.0 1.0 1.0,,1,effects.fx,2/4,0,-79.tga,01.cat:dds/fx_engine_blue1_diff.pck | 01.cat:dds/fx_engine_blue2_diff.pck | 01.cat:dds/fx_engine_blue3_diff.pck | 01.cat:dds/fx_engine_blue4_diff.pck,512x512,4,#265163,#4ba0bf,#76e6f8,#8ef2fe,0.437,cyan
stock,fx_engine_pirate_m3p,2,2,01.cat,a3ca853b3935,BOB1,1,6947,208,-3565,3565,-501,501,-6947,93,-6947,93,7129,,,- - - -,,1,engine.fx,2/2,0,-79.tga,01.cat:dds/fx_engine_blue1_diff.pck | 01.cat:dds/fx_engine_blue2_diff.pck | 01.cat:dds/fx_engine_blue3_diff.pck | 01.cat:dds/fx_engine_blue4_diff.pck,512x512,4,#265163,#4ba0bf,#76e6f8,#8ef2fe,0.437,cyan
stock,fx_engine_pirate_m3p_middle,2,2,01.cat,1d1f73c10a72,BOB1,1,3359,39,-645,645,-940,940,-3359,-1,-3359,-1,1880,,,- - - -,,1,engine.fx,2/2,0,-79.tga,01.cat:dds/fx_engine_blue1_diff.pck | 01.cat:dds/fx_engine_blue2_diff.pck | 01.cat:dds/fx_engine_blue3_diff.pck | 01.cat:dds/fx_engine_blue4_diff.pck,512x512,4,#265163,#4ba0bf,#76e6f8,#8ef2fe,0.437,cyan
stock,fx_engine_pirate_tm,1,1,01.cat,169a98fe5c71,BOB1,1,5985,672,-5985,5985,-1571,1571,-4835,27,-4835,27,11970,,,- - - -,,1,effects.fx,2/4,0,-79.tga,01.cat:dds/fx_engine_blue1_diff.pck | 01.cat:dds/fx_engine_blue2_diff.pck | 01.cat:dds/fx_engine_blue3_diff.pck | 01.cat:dds/fx_engine_blue4_diff.pck,512x512,4,#265163,#4ba0bf,#76e6f8,#8ef2fe,0.437,cyan
stock,fx_engine_split2_tm,1,1,01.cat,4bf261358c39,BOB1,1,4375,1518,-259,259,-853,853,-4375,4375,-4375,4375,1707,,,- - - -,,1,effects.fx,2/4,0,-79.tga,01.cat:dds/fx_engine_blue1_diff.pck | 01.cat:dds/fx_engine_blue2_diff.pck | 01.cat:dds/fx_engine_blue3_diff.pck | 01.cat:dds/fx_engine_blue4_diff.pck,512x512,4,#265163,#4ba0bf,#76e6f8,#8ef2fe,0.437,cyan
stock,fx_engine_split2_ts,9,9,01.cat,4cb13a866751,BOB1,1,3499,110,-207,207,-683,683,-3499,25,-3499,25,1365,,,0.0 1.0 1.0 1.0,,1,effects.fx,2/4,0,-79.tga,01.cat:dds/fx_engine_blue1_diff.pck | 01.cat:dds/fx_engine_blue2_diff.pck | 01.cat:dds/fx_engine_blue3_diff.pck | 01.cat:dds/fx_engine_blue4_diff.pck,512x512,4,#265163,#4ba0bf,#76e6f8,#8ef2fe,0.437,cyan
stock,fx_engine_split_m3,5,5,01.cat,c043efbabf1f,BOB1,1,3140,1446,-146,146,-367,367,-3140,3140,-3140,3140,734,,,- - - -,,1,engine.fx,2/2,0,-79.tga,01.cat:dds/fx_engine_blue1_diff.pck | 01.cat:dds/fx_engine_blue2_diff.pck | 01.cat:dds/fx_engine_blue3_diff.pck | 01.cat:dds/fx_engine_blue4_diff.pck,512x512,4,#265163,#4ba0bf,#76e6f8,#8ef2fe,0.437,cyan
stock,fx_engine_split_m3plus,2,2,01.cat,cfc69cf6f148,BOB1,1,2655,204,-318,318,-853,853,-2655,2655,-2655,2655,1705,,,- - - -,,1,engine.fx,2/2,0,-79.tga,01.cat:dds/fx_engine_blue1_diff.pck | 01.cat:dds/fx_engine_blue2_diff.pck | 01.cat:dds/fx_engine_blue3_diff.pck | 01.cat:dds/fx_engine_blue4_diff.pck,512x512,4,#265163,#4ba0bf,#76e6f8,#8ef2fe,0.437,cyan
stock,fx_engine_split_m4,5,5,01.cat,1641053487b4,BOB1,1,3854,493,-150,150,-477,477,-3854,0,-3854,0,953,,,0.0 1.0 1.0 1.0,,1,engine.fx,2/4,0,-79.tga,01.cat:dds/fx_engine_blue1_diff.pck | 01.cat:dds/fx_engine_blue2_diff.pck | 01.cat:dds/fx_engine_blue3_diff.pck | 01.cat:dds/fx_engine_blue4_diff.pck,512x512,4,#265163,#4ba0bf,#76e6f8,#8ef2fe,0.437,cyan
stock,fx_engine_split_m4_pirate,1,1,01.cat,1f4f1c458c29,BOB1,1,1363,56,-239,239,-246,232,-1363,3,-1363,3,479,,,- - - -,,1,effects.fx,2/4,0,-79.tga,01.cat:dds/fx_engine_blue1_diff.pck | 01.cat:dds/fx_engine_blue2_diff.pck | 01.cat:dds/fx_engine_blue3_diff.pck | 01.cat:dds/fx_engine_blue4_diff.pck,512x512,4,#265163,#4ba0bf,#76e6f8,#8ef2fe,0.437,cyan
stock,fx_engine_split_m4p,1,1,01.cat,0fc25fb97f5b,BOB1,1,1414,384,-796,796,-612,612,-1414,1414,-1414,1414,1591,,,- - - -,,1,engine.fx,2/4,0,-79.tga,01.cat:dds/fx_engine_blue1_diff.pck | 01.cat:dds/fx_engine_blue2_diff.pck | 01.cat:dds/fx_engine_blue3_diff.pck | 01.cat:dds/fx_engine_blue4_diff.pck,512x512,4,#265163,#4ba0bf,#76e6f8,#8ef2fe,0.437,cyan
stock,fx_engine_split_m4p_middle,1,1,01.cat,03aaa41e1ef8,BOB1,1,2704,92,-147,138,-209,268,-2704,2676,-2704,2676,477,,,- - - -,,1,engine.fx,2/4,0,-79.tga,01.cat:dds/fx_engine_blue1_diff.pck | 01.cat:dds/fx_engine_blue2_diff.pck | 01.cat:dds/fx_engine_blue3_diff.pck | 01.cat:dds/fx_engine_blue4_diff.pck,512x512,4,#265163,#4ba0bf,#76e6f8,#8ef2fe,0.437,cyan
stock,fx_engine_split_m5,5,5,01.cat,90f047f4a6ed,BOB1,1,3105,2466,-406,406,-283,283,-3105,3105,-3105,3105,813,,,- - - -,,1,engine.fx,2/2,0,-79.tga,01.cat:dds/fx_engine_blue1_diff.pck | 01.cat:dds/fx_engine_blue2_diff.pck | 01.cat:dds/fx_engine_blue3_diff.pck | 01.cat:dds/fx_engine_blue4_diff.pck,512x512,4,#265163,#4ba0bf,#76e6f8,#8ef2fe,0.437,cyan
stock,fx_engine_split_m8,1,1,01.cat,00c3106523f3,BOB1,1,5027,72,-5027,5027,-434,434,-3463,120,-3463,120,10054,,,- - - -,,1,effects.fx,2/4,0,-79.tga,01.cat:dds/fx_engine_blue1_diff.pck | 01.cat:dds/fx_engine_blue2_diff.pck | 01.cat:dds/fx_engine_blue3_diff.pck | 01.cat:dds/fx_engine_blue4_diff.pck,512x512,4,#265163,#4ba0bf,#76e6f8,#8ef2fe,0.437,cyan
stock,fx_engine_split_tm,1,1,01.cat,cc3d6b614cf8,BOB1,1,4376,68,-1711,1711,-160,160,-4376,4376,-4376,4376,3423,,,- - - -,,1,effects.fx,2/4,0,-79.tga,01.cat:dds/fx_engine_blue1_diff.pck | 01.cat:dds/fx_engine_blue2_diff.pck | 01.cat:dds/fx_engine_blue3_diff.pck | 01.cat:dds/fx_engine_blue4_diff.pck,512x512,4,#265163,#4ba0bf,#76e6f8,#8ef2fe,0.437,cyan
stock,fx_engine_split_ts,9,9,01.cat,871648d4871b,BOB1,1,3500,48,-1369,1369,-128,128,-3500,-1,-3500,-1,2737,,,0.0 1.0 1.0 1.0,,1,effects.fx,2/4,0,-79.tga,01.cat:dds/fx_engine_blue1_diff.pck | 01.cat:dds/fx_engine_blue2_diff.pck | 01.cat:dds/fx_engine_blue3_diff.pck | 01.cat:dds/fx_engine_blue4_diff.pck,512x512,4,#265163,#4ba0bf,#76e6f8,#8ef2fe,0.437,cyan
stock,fx_engine_teladi_m3,1,1,01.cat,3a1e115b8d66,BOB1,1,3808,402,-1445,1441,-621,610,-3808,0,-3808,0,2886,,,0.0 1.0 1.0 1.0,,1,engine.fx,2/4,0,-79.tga,01.cat:dds/fx_engine_blue1_diff.pck | 01.cat:dds/fx_engine_blue2_diff.pck | 01.cat:dds/fx_engine_blue3_diff.pck | 01.cat:dds/fx_engine_blue4_diff.pck,512x512,4,#265163,#4ba0bf,#76e6f8,#8ef2fe,0.437,cyan
stock,fx_engine_teladi_m3_var1,1,1,01.cat,78461caaaf45,BOB1,1,3809,536,-1544,1544,-1092,1092,-3809,3809,-3809,3809,3088,,,- - - -,,1,standard_lighting.fx,2/2,0,-79.tga,01.cat:dds/fx_engine_blue1_diff.pck | 01.cat:dds/fx_engine_blue2_diff.pck | 01.cat:dds/fx_engine_blue3_diff.pck | 01.cat:dds/fx_engine_blue4_diff.pck,512x512,4,#265163,#4ba0bf,#76e6f8,#8ef2fe,0.437,cyan
stock,fx_engine_teladi_m3_var2,3,3,01.cat,26ead9656445,BOB1,1,3683,532,-1511,1484,-881,881,-3683,-13,-3683,-13,2995,,,0.0 1.0 1.0 1.0,,1,engine.fx,2/4,0,-79.tga,01.cat:dds/fx_engine_blue1_diff.pck | 01.cat:dds/fx_engine_blue2_diff.pck | 01.cat:dds/fx_engine_blue3_diff.pck | 01.cat:dds/fx_engine_blue4_diff.pck,512x512,4,#265163,#4ba0bf,#76e6f8,#8ef2fe,0.437,cyan
stock,fx_engine_teladi_m3_var3,2,2,01.cat,317e4548b44b,BOB1,1,3898,403,-1543,1543,-400,400,-3898,3898,-3898,3898,3087,,,- - - -,,1,standard_lighting.fx,2/2,0,-79.tga,01.cat:dds/fx_engine_blue1_diff.pck | 01.cat:dds/fx_engine_blue2_diff.pck | 01.cat:dds/fx_engine_blue3_diff.pck | 01.cat:dds/fx_engine_blue4_diff.pck,512x512,4,#265163,#4ba0bf,#76e6f8,#8ef2fe,0.437,cyan
stock,fx_engine_teladi_m3pxtm,3,3,01.cat,4548c1aade1b,BOB1,1,3809,532,-1843,1843,-1486,1486,-3809,334,-3809,334,3687,,,- - - -,,1,effects.fx,2/4,0,-79.tga,01.cat:dds/fx_engine_blue1_diff.pck | 01.cat:dds/fx_engine_blue2_diff.pck | 01.cat:dds/fx_engine_blue3_diff.pck | 01.cat:dds/fx_engine_blue4_diff.pck,512x512,4,#265163,#4ba0bf,#76e6f8,#8ef2fe,0.437,cyan
stock,fx_engine_teladi_m4m,4,8,01.cat,dd8273772bcf,BOB1,1,2276,99,-274,283,-281,281,-2276,0,-2276,0,561,,,0.0 1.0 1.0 1.0,,1,engine.fx,2/4,0,-79.tga,01.cat:dds/fx_engine_blue1_diff.pck | 01.cat:dds/fx_engine_blue2_diff.pck | 01.cat:dds/fx_engine_blue3_diff.pck | 01.cat:dds/fx_engine_blue4_diff.pck,512x512,4,#265163,#4ba0bf,#76e6f8,#8ef2fe,0.437,cyan
stock,fx_engine_teladi_m4p,2,2,01.cat,20595ab44666,BOB1,1,2459,201,-1125,1134,-648,155,-2284,2459,-2284,2459,2260,,,- - - -,,1,engine.fx,2/4,0,-79.tga,01.cat:dds/fx_engine_blue1_diff.pck | 01.cat:dds/fx_engine_blue2_diff.pck | 01.cat:dds/fx_engine_blue3_diff.pck | 01.cat:dds/fx_engine_blue4_diff.pck,512x512,4,#265163,#4ba0bf,#76e6f8,#8ef2fe,0.437,cyan
stock,fx_engine_teladi_m4p_middle,2,2,01.cat,1eb0ffb3578e,BOB1,1,1942,98,-227,227,-243,245,-1942,7,-1942,7,488,,,- - - -,,1,engine.fx,2/4,0,-79.tga,01.cat:dds/fx_engine_blue1_diff.pck | 01.cat:dds/fx_engine_blue2_diff.pck | 01.cat:dds/fx_engine_blue3_diff.pck | 01.cat:dds/fx_engine_blue4_diff.pck,512x512,4,#265163,#4ba0bf,#76e6f8,#8ef2fe,0.437,cyan
stock,fx_engine_teladi_m4p_top,2,2,01.cat,85b0b0098b69,BOB1,1,2273,200,-1409,1409,-343,293,-2273,2273,-2273,2273,2819,,,- - - -,,1,engine.fx,2/4,0,-79.tga,01.cat:dds/fx_engine_blue1_diff.pck | 01.cat:dds/fx_engine_blue2_diff.pck | 01.cat:dds/fx_engine_blue3_diff.pck | 01.cat:dds/fx_engine_blue4_diff.pck,512x512,4,#265163,#4ba0bf,#76e6f8,#8ef2fe,0.437,cyan
stock,fx_engine_teladi_m4s,6,14,01.cat,9cdf0b4e1ab1,BOB1,1,1940,98,-228,228,-240,246,-1940,9,-1940,9,486,,,0.0 1.0 1.0 1.0,,1,engine.fx,2/4,0,-79.tga,01.cat:dds/fx_engine_blue1_diff.pck | 01.cat:dds/fx_engine_blue2_diff.pck | 01.cat:dds/fx_engine_blue3_diff.pck | 01.cat:dds/fx_engine_blue4_diff.pck,512x512,4,#265163,#4ba0bf,#76e6f8,#8ef2fe,0.437,cyan
stock,fx_engine_teladi_m5,8,16,01.cat,1a6942fc07a1,BOB1,1,1712,137,-188,188,-185,185,-1712,1712,-1712,1712,375,,,- - - -,,1,engine.fx,2/2,0,-79.tga,01.cat:dds/fx_engine_blue1_diff.pck | 01.cat:dds/fx_engine_blue2_diff.pck | 01.cat:dds/fx_engine_blue3_diff.pck | 01.cat:dds/fx_engine_blue4_diff.pck,512x512,4,#265163,#4ba0bf,#76e6f8,#8ef2fe,0.437,cyan
stock,fx_engine_teladi_m5p,3,3,01.cat,644243f02628,BOB1,1,4443,167,-281,281,-259,259,-4443,56,-4443,56,561,,,- - - -,,1,effects.fx,2/4,0,-79.tga,01.cat:dds/fx_engine_blue1_diff.pck | 01.cat:dds/fx_engine_blue2_diff.pck | 01.cat:dds/fx_engine_blue3_diff.pck | 01.cat:dds/fx_engine_blue4_diff.pck,512x512,4,#265163,#4ba0bf,#76e6f8,#8ef2fe,0.437,cyan
stock,fx_engine_teladi_m8,1,1,01.cat,ba4c0bbef755,BOB1,1,4152,296,-1652,1652,-2727,2727,-4152,323,-4152,323,5455,,,- - - -,,1,effects.fx,2/4,0,-79.tga,01.cat:dds/fx_engine_blue1_diff.pck | 01.cat:dds/fx_engine_blue2_diff.pck | 01.cat:dds/fx_engine_blue3_diff.pck | 01.cat:dds/fx_engine_blue4_diff.pck,512x512,4,#265163,#4ba0bf,#76e6f8,#8ef2fe,0.437,cyan
stock,fx_engine_teladi_tm,4,4,01.cat,3df1fc766745,BOB1,1,4374,1518,-1455,1455,-1588,1588,-4374,4374,-4374,4374,3176,,,- - - -,,1,effects.fx,2/4,0,-79.tga,01.cat:dds/fx_engine_blue1_diff.pck | 01.cat:dds/fx_engine_blue2_diff.pck | 01.cat:dds/fx_engine_blue3_diff.pck | 01.cat:dds/fx_engine_blue4_diff.pck,512x512,4,#265163,#4ba0bf,#76e6f8,#8ef2fe,0.437,cyan
stock,fx_engine_teladi_ts,10,10,01.cat,9d3e350eff3b,BOB1,1,3501,225,-1244,1244,-1349,1349,-3501,1,-3501,1,2697,,,0.0 1.0 1.0 1.0,,1,effects.fx,2/4,0,-79.tga,01.cat:dds/fx_engine_blue1_diff.pck | 01.cat:dds/fx_engine_blue2_diff.pck | 01.cat:dds/fx_engine_blue3_diff.pck | 01.cat:dds/fx_engine_blue4_diff.pck,512x512,4,#265163,#4ba0bf,#76e6f8,#8ef2fe,0.437,cyan
stock,fx_engine_terraformer_m3_bottom,1,1,01.cat,30b06e736e7a,BOB1,1,2409,72,-2409,2409,-307,307,-2396,56,-2396,56,4818,,,- - - -,,1,engine.fx,2/4,0,-79.tga,01.cat:dds/fx_engine_blue1_diff.pck | 01.cat:dds/fx_engine_blue2_diff.pck | 01.cat:dds/fx_engine_blue3_diff.pck | 01.cat:dds/fx_engine_blue4_diff.pck,512x512,4,#265163,#4ba0bf,#76e6f8,#8ef2fe,0.437,cyan
stock,fx_engine_terraformer_m3_top,1,1,01.cat,e1b6d23e90a5,BOB1,1,2373,72,-2133,2133,-443,443,-2373,112,-2373,112,4267,,,- - - -,,1,engine.fx,2/4,0,-79.tga,01.cat:dds/fx_engine_blue1_diff.pck | 01.cat:dds/fx_engine_blue2_diff.pck | 01.cat:dds/fx_engine_blue3_diff.pck | 01.cat:dds/fx_engine_blue4_diff.pck,512x512,4,#265163,#4ba0bf,#76e6f8,#8ef2fe,0.437,cyan
stock,fx_engine_terraformer_m4,1,1,01.cat,47668f568bef,BOB1,1,2496,68,-1044,1036,-660,659,-2496,6,-2496,6,2081,,,- - - -,,1,engine.fx,2/4,0,-79.tga,01.cat:dds/fx_engine_blue1_diff.pck | 01.cat:dds/fx_engine_blue2_diff.pck | 01.cat:dds/fx_engine_blue3_diff.pck | 01.cat:dds/fx_engine_blue4_diff.pck,512x512,4,#265163,#4ba0bf,#76e6f8,#8ef2fe,0.437,cyan
stock,fx_engine_terraformer_m5,1,1,01.cat,1fa8fc564724,BOB1,1,2129,32,-768,768,-222,222,-2129,550,-2129,550,1537,,,- - - -,,1,engine.fx,2/4,0,-79.tga,01.cat:dds/fx_engine_blue1_diff.pck | 01.cat:dds/fx_engine_blue2_diff.pck | 01.cat:dds/fx_engine_blue3_diff.pck | 01.cat:dds/fx_engine_blue4_diff.pck,512x512,4,#265163,#4ba0bf,#76e6f8,#8ef2fe,0.437,cyan
stock,fx_engine_terran_m5,2,2,01.cat,24f9fe51ae92,BOB1,1,1979,72,-1718,1718,-344,344,-1979,10,-1979,10,3437,,,- - - -,,1,effects.fx,2/4,0,-79.tga,01.cat:dds/fx_engine_blue1_diff.pck | 01.cat:dds/fx_engine_blue2_diff.pck | 01.cat:dds/fx_engine_blue3_diff.pck | 01.cat:dds/fx_engine_blue4_diff.pck,512x512,4,#265163,#4ba0bf,#76e6f8,#8ef2fe,0.437,cyan
stock,fx_engine_terran_m6,1,1,01.cat,b6a3ddb038ea,BOB1,1,10103,28,-1824,1824,-448,448,-10103,51,-10103,51,3649,,,- - - -,,1,effects.fx,2/4,0,-79.tga,01.cat:dds/fx_engine_blue1_diff.pck | 01.cat:dds/fx_engine_blue2_diff.pck | 01.cat:dds/fx_engine_blue3_diff.pck | 01.cat:dds/fx_engine_blue4_diff.pck,512x512,4,#265163,#4ba0bf,#76e6f8,#8ef2fe,0.437,cyan
stock,fx_engine_terran_transportdrone,2,2,01.cat,94d6179e29b7,BOB1,1,832,280,-832,832,-116,116,-655,45,-655,45,1664,,,0.0 1.0 1.0 1.0,,1,engine.fx,2/2,0,-79.tga,01.cat:dds/fx_engine_blue1_diff.pck | 01.cat:dds/fx_engine_blue2_diff.pck | 01.cat:dds/fx_engine_blue3_diff.pck | 01.cat:dds/fx_engine_blue4_diff.pck,512x512,4,#265163,#4ba0bf,#76e6f8,#8ef2fe,0.437,cyan
stock,fx_engine_terran_transportdrone_small,2,2,01.cat,2cff6d8d8266,BOB1,1,666,278,-519,519,-116,116,-666,666,-666,666,1038,,,0.0 1.0 1.0 1.0,,1,engine.fx,2/2,0,-79.tga,01.cat:dds/fx_engine_blue1_diff.pck | 01.cat:dds/fx_engine_blue2_diff.pck | 01.cat:dds/fx_engine_blue3_diff.pck | 01.cat:dds/fx_engine_blue4_diff.pck,512x512,4,#265163,#4ba0bf,#76e6f8,#8ef2fe,0.437,cyan
stock,fx_engine_usc_fightdrone,1,1,01.cat,e75e4de6055a,BOB1,1,409,48,-74,74,-71,71,-409,-12,-409,-12,149,,,- - - -,,1,effects.fx,2/4,0,-79.tga,01.cat:dds/fx_engine_blue1_diff.pck | 01.cat:dds/fx_engine_blue2_diff.pck | 01.cat:dds/fx_engine_blue3_diff.pck | 01.cat:dds/fx_engine_blue4_diff.pck,512x512,4,#265163,#4ba0bf,#76e6f8,#8ef2fe,0.437,cyan
stock,fx_engine_usc_m3,1,1,01.cat,72b3c79629a5,BOB1,1,3082,112,-2571,2571,-309,310,-3082,0,-3082,0,5142,,,- - - -,,1,effects.fx,2/4,0,-79.tga,01.cat:dds/fx_engine_blue1_diff.pck | 01.cat:dds/fx_engine_blue2_diff.pck | 01.cat:dds/fx_engine_blue3_diff.pck | 01.cat:dds/fx_engine_blue4_diff.pck,512x512,4,#265163,#4ba0bf,#76e6f8,#8ef2fe,0.437,cyan
stock,fx_engine_usc_m3p,1,1,01.cat,4cbff37cb087,BOB1,1,3875,124,-3875,3874,-488,445,-2752,9,-2752,9,7749,,,- - - -,,1,effects.fx,2/4,0,-79.tga,01.cat:dds/fx_engine_blue1_diff.pck | 01.cat:dds/fx_engine_blue2_diff.pck | 01.cat:dds/fx_engine_blue3_diff.pck | 01.cat:dds/fx_engine_blue4_diff.pck,512x512,4,#265163,#4ba0bf,#76e6f8,#8ef2fe,0.437,cyan
stock,fx_engine_usc_m4,1,1,01.cat,82578b74af97,BOB1,1,2109,128,-2109,2109,-384,384,-1475,-3,-1475,-3,4218,,,- - - -,,1,engine.fx,2/2,0,-79.tga,01.cat:dds/fx_engine_blue1_diff.pck | 01.cat:dds/fx_engine_blue2_diff.pck | 01.cat:dds/fx_engine_blue3_diff.pck | 01.cat:dds/fx_engine_blue4_diff.pck,512x512,4,#265163,#4ba0bf,#76e6f8,#8ef2fe,0.437,cyan
stock,fx_engine_usc_m5,1,1,01.cat,3d3550707af7,BOB1,1,1386,168,-1225,1226,-827,681,-1386,0,-1386,0,2451,,,- - - -,,1,engine.fx,2/2,0,-79.tga,01.cat:dds/fx_engine_blue1_diff.pck | 01.cat:dds/fx_engine_blue2_diff.pck | 01.cat:dds/fx_engine_blue3_diff.pck | 01.cat:dds/fx_engine_blue4_diff.pck,512x512,4,#265163,#4ba0bf,#76e6f8,#8ef2fe,0.437,cyan
stock,fx_engine_usc_m8,1,1,01.cat,f057149c4f22,BOB1,1,4750,404,-4750,4750,-2087,2087,-1844,302,-1844,302,9500,,,- - - -,,1,effects.fx,2/4,0,-79.tga,01.cat:dds/fx_engine_blue1_diff.pck | 01.cat:dds/fx_engine_blue2_diff.pck | 01.cat:dds/fx_engine_blue3_diff.pck | 01.cat:dds/fx_engine_blue4_diff.pck,512x512,4,#265163,#4ba0bf,#76e6f8,#8ef2fe,0.437,cyan
stock,fx_engine_usc_tp,1,1,01.cat,f9a7c43d0515,BOB1,1,4442,192,-4442,4442,-394,394,-2141,69,-2141,69,8884,,,- - - -,,1,effects.fx,2/4,0,-79.tga,01.cat:dds/fx_engine_blue1_diff.pck | 01.cat:dds/fx_engine_blue2_diff.pck | 01.cat:dds/fx_engine_blue3_diff.pck | 01.cat:dds/fx_engine_blue4_diff.pck,512x512,4,#265163,#4ba0bf,#76e6f8,#8ef2fe,0.437,cyan
stock,fx_engine_usc_ts_a,1,1,01.cat,c909e6d3ff52,BOB1,1,6999,192,-6999,6999,-1572,1572,-4174,172,-4174,172,13998,,,- - - -,,1,effects.fx,2/4,0,-79.tga,01.cat:dds/fx_engine_blue1_diff.pck | 01.cat:dds/fx_engine_blue2_diff.pck | 01.cat:dds/fx_engine_blue3_diff.pck | 01.cat:dds/fx_engine_blue4_diff.pck,512x512,4,#265163,#4ba0bf,#76e6f8,#8ef2fe,0.437,cyan
stock,fx_engine_usc_ts_b,1,1,01.cat,7e41fbfb98b4,BOB1,1,9012,96,-9012,9012,-383,383,-3283,111,-3283,111,18024,,,- - - -,,1,effects.fx,2/4,0,-79.tga,01.cat:dds/fx_engine_blue1_diff.pck | 01.cat:dds/fx_engine_blue2_diff.pck | 01.cat:dds/fx_engine_blue3_diff.pck | 01.cat:dds/fx_engine_blue4_diff.pck,512x512,4,#265163,#4ba0bf,#76e6f8,#8ef2fe,0.437,cyan
stock,fx_engine_xenon_m3,1,1,01.cat,b46bd285441c,BOB1,1,3946,1428,-2912,2912,-1662,1662,-3946,0,-3946,0,5824,,,0.0 1.0 1.0 1.0,,1,engine.fx,2/4,0,-79.tga,01.cat:dds/fx_engine_blue1_diff.pck | 01.cat:dds/fx_engine_blue2_diff.pck | 01.cat:dds/fx_engine_blue3_diff.pck | 01.cat:dds/fx_engine_blue4_diff.pck,512x512,4,#265163,#4ba0bf,#76e6f8,#8ef2fe,0.437,cyan
stock,fx_engine_xenon_m3plus,1,1,01.cat,6b2adfabbef1,BOB1,1,2948,132,-2642,2642,-2415,2415,-2948,0,-2948,0,5283,,,0.0 1.0 1.0 1.0,,1,engine.fx,2/4,0,-79.tga,01.cat:dds/fx_engine_blue1_diff.pck | 01.cat:dds/fx_engine_blue2_diff.pck | 01.cat:dds/fx_engine_blue3_diff.pck | 01.cat:dds/fx_engine_blue4_diff.pck,512x512,4,#265163,#4ba0bf,#76e6f8,#8ef2fe,0.437,cyan
stock,fx_engine_xenon_m5,2,2,01.cat,e0cb07b2c63b,BOB1,1,2592,1446,-1439,1439,-1493,1493,-2592,2592,-2592,2592,2986,,,0.0 1.0 1.0 1.0,,1,engine.fx,2/4,0,-79.tga,01.cat:dds/fx_engine_blue1_diff.pck | 01.cat:dds/fx_engine_blue2_diff.pck | 01.cat:dds/fx_engine_blue3_diff.pck | 01.cat:dds/fx_engine_blue4_diff.pck,512x512,4,#265163,#4ba0bf,#76e6f8,#8ef2fe,0.437,cyan
stock,fx_engine_xenon_m6,1,1,01.cat,ae2ffe9ee455,BOB1,1,18739,64,-18739,18739,-11571,11571,-18673,0,-18673,0,37478,,,0.0 1.0 1.0 1.0,,1,engine.fx,2/4,0,-79.tga,01.cat:dds/fx_engine_blue1_diff.pck | 01.cat:dds/fx_engine_blue2_diff.pck | 01.cat:dds/fx_engine_blue3_diff.pck | 01.cat:dds/fx_engine_blue4_diff.pck,512x512,4,#265163,#4ba0bf,#76e6f8,#8ef2fe,0.437,cyan
stock,fx_engine_xenon_m6mlow,1,1,01.cat,b5e032317bc0,BOB1,1,27584,16,-19846,19846,-3697,3697,-27584,0,-27584,0,39692,,,- - - -,,1,engine.fx,2/4,0,-79.dds,01.cat:dds/fx_engine_blue1_diff.pck | 01.cat:dds/fx_engine_blue2_diff.pck | 01.cat:dds/fx_engine_blue3_diff.pck | 01.cat:dds/fx_engine_blue4_diff.pck,512x512,4,#265163,#4ba0bf,#76e6f8,#8ef2fe,0.437,cyan
stock,fx_engine_xenon_m6mmid,1,1,01.cat,a21bc385df71,BOB1,1,15750,26,-13661,13661,-6033,6033,-15750,0,-15750,0,27321,,,- - - -,,1,engine.fx,2/4,0,-79.dds,01.cat:dds/fx_engine_blue1_diff.pck | 01.cat:dds/fx_engine_blue2_diff.pck | 01.cat:dds/fx_engine_blue3_diff.pck | 01.cat:dds/fx_engine_blue4_diff.pck,512x512,4,#265163,#4ba0bf,#76e6f8,#8ef2fe,0.437,cyan
stock,fx_engine_xenon_m6mtop,1,1,01.cat,0eec3f5de600,BOB1,1,23269,30,-5713,5713,-1367,1367,-23269,0,-23269,0,11426,,,- - - -,,1,engine.fx,2/4,0,-79.dds,01.cat:dds/fx_engine_blue1_diff.pck | 01.cat:dds/fx_engine_blue2_diff.pck | 01.cat:dds/fx_engine_blue3_diff.pck | 01.cat:dds/fx_engine_blue4_diff.pck,512x512,4,#265163,#4ba0bf,#76e6f8,#8ef2fe,0.437,cyan
stock,fx_engine_xtc_darkblue_big,1,2,addon/01.cat,4ca0f9393153,text,1,12500,107,-3125,3125,-3125,3125,-12500,12500,-12500,9,6250,-100000,100000,,#959595,1,(classic),classic flags 2,,155.jpg,01.cat:tex/true/155.jpg,128x128,1,#3e393e,#3e393e,#deecd7,#ffffff,1.0,white/grey
stock,fx_engine_xtc_darkblue_big3,1,7,addon/01.cat,70466f38f40f,text,1,37500,107,-9375,9375,-9375,9375,-37500,37500,-37500,28,18750,-100000,100000,,#959595,1,(classic),classic flags 2,,155.jpg,01.cat:tex/true/155.jpg,128x128,1,#3e393e,#3e393e,#deecd7,#ffffff,1.0,white/grey
stock,fx_engine_xtc_darkblue_nor,1,2,addon/01.cat,9a71bd5ec590,text,1,2000,107,-500,500,-500,500,-2000,2000,-2000,1,1000,-99999,100000,,#959595,1,(classic),classic flags 2,,155.jpg,01.cat:tex/true/155.jpg,128x128,1,#3e393e,#3e393e,#deecd7,#ffffff,1.0,white/grey
stock,fx_engine_xtc_darkblue_nor2,3,38,addon/01.cat,1b3bc496f4d7,text,1,4000,107,-1000,1000,-1000,1000,-4000,4000,-4000,3,2000,-99999,100000,,#959595,1,(classic),classic flags 2,,155.jpg,01.cat:tex/true/155.jpg,128x128,1,#3e393e,#3e393e,#deecd7,#ffffff,1.0,white/grey
stock,fx_engine_xtc_darkblue_nor3,1,32,addon/01.cat,f295589d5341,text,1,8000,107,-2000,2000,-2000,2000,-8000,8000,-8000,6,4000,-99999,100000,,#959595,1,(classic),classic flags 2,,155.jpg,01.cat:tex/true/155.jpg,128x128,1,#3e393e,#3e393e,#deecd7,#ffffff,1.0,white/grey
stock,fx_engine_xtc_darkblue_tiny,2,8,addon/01.cat,239f9ffb05ad,text,1,1000,107,-250,250,-250,250,-1000,1000,-1000,1,500,-99999,100000,,#959595,1,(classic),classic flags 2,,155.jpg,01.cat:tex/true/155.jpg,128x128,1,#3e393e,#3e393e,#deecd7,#ffffff,1.0,white/grey
stock,fx_engine_xtc_green_big3,1,5,addon/01.cat,c34cb7712021,text,1,37500,107,-9375,9375,-9375,9375,-37500,37500,-37500,28,18750,-100000,100000,,#959595,1,(classic),classic flags 2,,155.jpg,01.cat:tex/true/155.jpg,128x128,1,#3e393e,#3e393e,#deecd7,#ffffff,1.0,white/grey
stock,fx_engine_xtc_green_nor,2,3,addon/01.cat,e7bda0c4d47f,text,1,2000,107,-500,500,-500,500,-2000,2000,-2000,1,1000,-99999,100000,,#959595,1,(classic),classic flags 2,,155.jpg,01.cat:tex/true/155.jpg,128x128,1,#3e393e,#3e393e,#deecd7,#ffffff,1.0,white/grey
stock,fx_engine_xtc_green_nor2,1,3,addon/01.cat,b62938b235ff,text,1,4000,107,-1000,1000,-1000,1000,-4000,4000,-4000,3,2000,-99999,100000,,#959595,1,(classic),classic flags 2,,155.jpg,01.cat:tex/true/155.jpg,128x128,1,#3e393e,#3e393e,#deecd7,#ffffff,1.0,white/grey
stock,fx_engine_xtc_green_nor3,2,8,addon/01.cat,79a75d218b29,text,1,8000,107,-2000,2000,-2000,2000,-8000,8000,-8000,6,4000,-99999,100000,,#959595,1,(classic),classic flags 2,,155.jpg,01.cat:tex/true/155.jpg,128x128,1,#3e393e,#3e393e,#deecd7,#ffffff,1.0,white/grey
stock,effects/engines/fx_engine_xtc_lightblue_nor,3,9,ERROR text line 7: unsupported material record 'MATERIAL3' (MATERIAL3: the engine maps each record to the 
stock,fx_engine_xtc_lightblue_nor2,1,6,addon/01.cat,c567d9795fed,text,1,4000,107,-1000,1000,-1000,1000,-4000,4000,-4000,3,2000,-99999,100000,,#959595,1,(classic),classic flags 2,,155.jpg,01.cat:tex/true/155.jpg,128x128,1,#3e393e,#3e393e,#deecd7,#ffffff,1.0,white/grey
stock,fx_engine_xtc_lightblue_nor3,2,4,addon/01.cat,e2b865ae9d00,text,1,8000,107,-2000,2000,-2000,2000,-8000,8000,-8000,6,4000,-99999,100000,,#959595,1,(classic),classic flags 2,,155.jpg,01.cat:tex/true/155.jpg,128x128,1,#3e393e,#3e393e,#deecd7,#ffffff,1.0,white/grey
stock,fx_engine_xtc_magenta_big3,1,6,addon/01.cat,295617bb57ac,text,1,37500,107,-9375,9375,-9375,9375,-37500,37500,-37500,28,18750,-100000,100000,,#959595,1,(classic),classic flags 2,,155.jpg,01.cat:tex/true/155.jpg,128x128,1,#3e393e,#3e393e,#deecd7,#ffffff,1.0,white/grey
stock,fx_engine_xtc_magenta_huge,1,8,addon/01.cat,538353739d8c,text,1,187845,107,-46961,46961,-46961,46961,-187845,187845,-187845,140,93922,-100000,100000,,#959595,1,(classic),classic flags 2,,155.jpg,01.cat:tex/true/155.jpg,128x128,1,#3e393e,#3e393e,#deecd7,#ffffff,1.0,white/grey
stock,fx_engine_xtc_red_nor,1,1,addon/01.cat,5bb195d562dc,text,1,2000,107,-500,500,-500,500,-2000,2000,-2000,1,1000,-99999,100000,,#959595,1,(classic),classic flags 2,,155.jpg,01.cat:tex/true/155.jpg,128x128,1,#3e393e,#3e393e,#deecd7,#ffffff,1.0,white/grey
stock,fx_engine_xtc_red_nor2,1,2,addon/01.cat,283161cf9234,text,1,4000,107,-1000,1000,-1000,1000,-4000,4000,-4000,3,2000,-99999,100000,,#959595,1,(classic),classic flags 2,,155.jpg,01.cat:tex/true/155.jpg,128x128,1,#3e393e,#3e393e,#deecd7,#ffffff,1.0,white/grey
stock,fx_engine_xtc_red_nor3,2,4,addon/01.cat,c0f9fe404df5,text,1,8000,107,-2000,2000,-2000,2000,-8000,8000,-8000,6,4000,-99999,100000,,#959595,1,(classic),classic flags 2,,155.jpg,01.cat:tex/true/155.jpg,128x128,1,#3e393e,#3e393e,#deecd7,#ffffff,1.0,white/grey
stock,effects/engines/fx_engine_xtc_red_nor3_disable,1,1,ERROR no body resource for objects/effects/engines/fx_engine_xtc_red_nor3_disable
stock,fx_engine_xtc_white_big,1,2,addon/01.cat,c4d6de9ceadf,text,1,12500,107,-3125,3125,-3125,3125,-12500,12500,-12500,9,6250,-100000,100000,,#959595,1,(classic),classic flags 2,,158.jpg,addon/01.cat:tex/true/158.jpg,128x128,1,#393939,#393939,#e6e6e6,#ffffff,1.0,white/grey
stock,fx_engine_xtc_white_big2,1,5,addon/01.cat,5c44dbeeb702,text,1,18731,107,-4683,4683,-4683,4683,-18731,18731,-18731,14,9366,-100000,100000,,#959595,1,(classic),classic flags 2,,158.jpg,addon/01.cat:tex/true/158.jpg,128x128,1,#393939,#393939,#e6e6e6,#ffffff,1.0,white/grey
stock,fx_engine_xtc_white_huge,1,3,addon/01.cat,4c10e0237a97,text,1,187845,107,-46961,46961,-46961,46961,-187845,187845,-187845,140,93922,-100000,100000,,#959595,1,(classic),classic flags 2,,158.jpg,addon/01.cat:tex/true/158.jpg,128x128,1,#393939,#393939,#e6e6e6,#ffffff,1.0,white/grey
stock,fx_engine_xtc_white_nor,1,1,addon/01.cat,15ecbf0fe4b9,text,1,2000,107,-500,500,-500,500,-2000,2000,-2000,1,1000,-99999,100000,,#959595,1,(classic),classic flags 2,,158.jpg,addon/01.cat:tex/true/158.jpg,128x128,1,#393939,#393939,#e6e6e6,#ffffff,1.0,white/grey
stock,fx_engine_xtc_white_nor2,2,7,addon/01.cat,eebf76ae570b,text,1,4000,107,-1000,1000,-1000,1000,-4000,4000,-4000,3,2000,-99999,100000,,#959595,1,(classic),classic flags 2,,158.jpg,addon/01.cat:tex/true/158.jpg,128x128,1,#393939,#393939,#e6e6e6,#ffffff,1.0,white/grey
stock,fx_engine_xtc_white_nor3,1,2,addon/01.cat,0b8160b96c51,text,1,8000,107,-2000,2000,-2000,2000,-8000,8000,-8000,6,4000,-99999,100000,,#959595,1,(classic),classic flags 2,,158.jpg,addon/01.cat:tex/true/158.jpg,128x128,1,#393939,#393939,#e6e6e6,#ffffff,1.0,white/grey
stock,fx_engine_xtc_yellow_big,1,4,addon/01.cat,3f964fcced6b,text,1,12500,107,-3125,3125,-3125,3125,-12500,12500,-12500,9,6250,-100000,100000,,#959595,1,(classic),classic flags 2,,155.jpg,01.cat:tex/true/155.jpg,128x128,1,#3e393e,#3e393e,#deecd7,#ffffff,1.0,white/grey
stock,fx_engine_xtc_yellow_big2,1,2,addon/01.cat,5a1c367752c9,text,1,18731,107,-4683,4683,-4683,4683,-18731,18731,-18731,14,9366,-100000,100000,,#959595,1,(classic),classic flags 2,,155.jpg,01.cat:tex/true/155.jpg,128x128,1,#3e393e,#3e393e,#deecd7,#ffffff,1.0,white/grey
stock,fx_engine_xtc_yellow_nor2,1,3,addon/01.cat,7a8927262747,text,1,4000,107,-1000,1000,-1000,1000,-4000,4000,-4000,3,2000,-99999,100000,,#959595,1,(classic),classic flags 2,,155.jpg,01.cat:tex/true/155.jpg,128x128,1,#3e393e,#3e393e,#deecd7,#ffffff,1.0,white/grey
stock,fx_engine_xtc_yellow_tiny,1,1,addon/01.cat,229a03d1e1dc,text,1,1000,107,-250,250,-250,250,-1000,1000,-1000,1,500,-99999,100000,,#959595,1,(classic),classic flags 2,,155.jpg,01.cat:tex/true/155.jpg,128x128,1,#3e393e,#3e393e,#deecd7,#ffffff,1.0,white/grey
stock,fx_engine_yaki_m3pxtm,1,1,01.cat,36c7d394a587,BOB1,1,3677,782,-1246,1246,-1229,1229,-3677,32,-3677,32,2492,,,183.852 1.0 1.0 2.0,,1,effects.fx,2/2,0,-79.dds,01.cat:dds/fx_engine_blue1_diff.pck | 01.cat:dds/fx_engine_blue2_diff.pck | 01.cat:dds/fx_engine_blue3_diff.pck | 01.cat:dds/fx_engine_blue4_diff.pck,512x512,4,#265163,#4ba0bf,#76e6f8,#8ef2fe,0.437,cyan
stock,fx_xpshuttle,1,1,08.cat,fd34b4ce9646,BOB1,1,9778,1446,-9778,9778,-1749,848,-5104,5104,-5104,5104,19556,,,0.0 1.0 1.0 1.0,,1,standard_lighting.fx,2/2,0,-79.tga,01.cat:dds/fx_engine_blue1_diff.pck | 01.cat:dds/fx_engine_blue2_diff.pck | 01.cat:dds/fx_engine_blue3_diff.pck | 01.cat:dds/fx_engine_blue4_diff.pck,512x512,4,#265163,#4ba0bf,#76e6f8,#8ef2fe,0.437,cyan
stock,effects/engines/xtc_split_m6turbo_fx_mid,1,1,ERROR no body resource for objects/effects/engines/xtc_split_m6turbo_fx_mid
stock,effects/engines/xtc_split_m6turbo_fx_out,1,1,ERROR no body resource for objects/effects/engines/xtc_split_m6turbo_fx_out
stock,v/00105,1,2,ERROR text line 8: unsupported material record 'MATERIAL3' (MATERIAL3: the engine maps each record to the 
stock,v/00114,2,10,ERROR text line 7: unsupported material record 'MATERIAL3' (MATERIAL3: the engine maps each record to the 
stock,v/00127,3,8,ERROR text line 7: unsupported material record 'MATERIAL3' (MATERIAL3: the engine maps each record to the 
stock,v/00566,140,2268,01.cat,ad1e921e9295,text,1,350,19,-52,52,-52,52,-350,350,-350,-1,103,-100000,100000,- - - -,,1,standard_lighting.fx,2/2,0,effects\others\navjet_diff.jpg,01.cat:textures/effects/others/navjet_diff.jpg,256x256,1,#161616,#161616,#afb0b1,#ffffff,1.0,white/grey
mayhem,fx_engine_emitter,498,1510,01.cat,d14ba6cce8d6,BOB1,1,17,12,-17,17,-17,17,-17,17,-17,17,34,,,- - - -,,1,standard_lighting.fx,2/2,0,effects\others\fx_black_diff.tga,01.cat:dds/fx_black_diff.pck,64x64,1,#000000,#000000,#000000,#000000,0.0,black
mayhem,effects/engines/fx_engine_emitter01,3,3,ERROR no body resource for objects/effects/engines/fx_engine_emitter01
mayhem,effects/engines/fx_engine_emitter02,3,3,ERROR no body resource for objects/effects/engines/fx_engine_emitter02
mayhem,effects/engines/fx_engine_paranid_m6_axeface,2,2,ERROR no body resource for objects/effects/engines/fx_engine_paranid_m6_axeface
mayhem,fx_engine_xtc_darkblue_big,20,37,addon/06.cat,a2236494ad9d,text,1,6250,107,-3125,3125,-3125,3125,-6250,6250,-6250,5,6250,-100000,100000,0.0 1.0 1.0 1.0,,1,engine.fx,2/4,0,fx_engine_darkblue.dds,addon/05.cat:dds/fx_engine_darkblue.pck,128x128,1,#0f0f34,#5858f7,#a8a8ff,#ececff,0.134,blue
mayhem,fx_engine_xtc_darkblue_big2,3,20,addon/06.cat,d600f627c1d2,text,1,9366,107,-4683,4683,-4683,4683,-9366,9366,-9366,7,9366,-100000,100000,0.0 1.0 1.0 1.0,,1,engine.fx,2/4,0,fx_engine_darkblue.dds,addon/05.cat:dds/fx_engine_darkblue.pck,128x128,1,#0f0f34,#5858f7,#a8a8ff,#ececff,0.134,blue
mayhem,fx_engine_xtc_darkblue_big3,4,41,addon/06.cat,87d274c3293a,text,1,18750,107,-9375,9375,-9375,9375,-18750,18750,-18750,14,18750,-100000,100000,0.0 1.0 1.0 1.0,,1,engine.fx,2/4,0,fx_engine_darkblue.dds,addon/05.cat:dds/fx_engine_darkblue.pck,128x128,1,#0f0f34,#5858f7,#a8a8ff,#ececff,0.134,blue
mayhem,fx_engine_xtc_darkblue_big4,4,8,addon/06.cat,10a58fb8d18b,text,1,47272,107,-23636,23636,-23636,23636,-47272,47272,-47272,35,47272,-100000,100000,0.0 1.0 1.0 1.0,,1,engine.fx,2/4,0,fx_engine_darkblue.dds,addon/05.cat:dds/fx_engine_darkblue.pck,128x128,1,#0f0f34,#5858f7,#a8a8ff,#ececff,0.134,blue
mayhem,fx_engine_xtc_darkblue_huge2,1,2,addon/06.cat,e434035183f2,text,1,141175,107,-70588,70588,-70588,70588,-141175,141175,-141175,106,141175,-100000,100000,0.0 1.0 1.0 1.0,,1,engine.fx,2/4,0,fx_engine_darkblue.dds,addon/05.cat:dds/fx_engine_darkblue.pck,128x128,1,#0f0f34,#5858f7,#a8a8ff,#ececff,0.134,blue
mayhem,fx_engine_xtc_darkblue_huge3,1,2,addon/06.cat,8720abae8b17,text,1,211762,107,-105881,105881,-105881,105881,-211762,211762,-211762,158,211762,-100000,100000,0.0 1.0 1.0 1.0,,1,engine.fx,2/4,0,fx_engine_darkblue.dds,addon/05.cat:dds/fx_engine_darkblue.pck,128x128,1,#0f0f34,#5858f7,#a8a8ff,#ececff,0.134,blue
mayhem,fx_engine_xtc_darkblue_nor,34,138,addon/06.cat,57b7f271dd0c,text,1,1000,107,-500,500,-500,500,-1000,1000,-1000,1,1000,-99999,100000,0.0 1.0 1.0 1.0,,1,engine.fx,2/4,0,fx_engine_darkblue.dds,addon/05.cat:dds/fx_engine_darkblue.pck,128x128,1,#0f0f34,#5858f7,#a8a8ff,#ececff,0.134,blue
mayhem,fx_engine_xtc_darkblue_nor2,10,51,addon/06.cat,91d1b666c6a9,text,1,2000,107,-1000,1000,-1000,1000,-2000,2000,-2000,1,2000,-99999,100000,0.0 1.0 1.0 1.0,,1,engine.fx,2/4,0,fx_engine_darkblue.dds,addon/05.cat:dds/fx_engine_darkblue.pck,128x128,1,#0f0f34,#5858f7,#a8a8ff,#ececff,0.134,blue
mayhem,fx_engine_xtc_darkblue_nor3,17,19,addon/06.cat,0ebb6c1f2535,text,1,4000,107,-2000,2000,-2000,2000,-4000,4000,-4000,3,4000,-99999,100000,0.0 1.0 1.0 1.0,,1,engine.fx,2/4,0,fx_engine_darkblue.dds,addon/05.cat:dds/fx_engine_darkblue.pck,128x128,1,#0f0f34,#5858f7,#a8a8ff,#ececff,0.134,blue
mayhem,fx_engine_xtc_darkblue_tiny,2,12,addon/06.cat,d295c64c8162,text,1,504,107,-250,250,-250,250,-504,504,-504,0,500,-99999,100000,0.0 1.0 1.0 1.0,,1,engine.fx,2/4,0,fx_engine_darkblue.dds,addon/05.cat:dds/fx_engine_darkblue.pck,128x128,1,#0f0f34,#5858f7,#a8a8ff,#ececff,0.134,blue
mayhem,fx_engine_xtc_green_big,3,16,addon/06.cat,e898d8596a5a,text,1,6250,107,-3125,3125,-3125,3125,-6250,6250,-6250,5,6250,-100000,100000,0.0 1.0 1.0 1.0,,1,engine.fx,2/4,0,fx_engine_green.dds,addon/05.cat:dds/fx_engine_green.pck,128x128,1,#091910,#38865a,#7ad1a0,#d1ffe5,0.134,green
mayhem,fx_engine_xtc_green_big2,5,27,addon/06.cat,16574d65541b,text,1,9366,107,-4683,4683,-4683,4683,-9366,9366,-9366,7,9366,-100000,100000,0.0 1.0 1.0 1.0,,1,engine.fx,2/4,0,fx_engine_green.dds,addon/05.cat:dds/fx_engine_green.pck,128x128,1,#091910,#38865a,#7ad1a0,#d1ffe5,0.134,green
mayhem,fx_engine_xtc_green_big3,10,44,addon/06.cat,6e1b7bcd32c4,text,1,18750,107,-9375,9375,-9375,9375,-18750,18750,-18750,14,18750,-100000,100000,0.0 1.0 1.0 1.0,,1,engine.fx,2/4,0,fx_engine_green.dds,addon/05.cat:dds/fx_engine_green.pck,128x128,1,#091910,#38865a,#7ad1a0,#d1ffe5,0.134,green
mayhem,fx_engine_xtc_green_nor,40,124,addon/06.cat,7ec0170cc2ee,text,1,1000,107,-500,500,-500,500,-1000,1000,-1000,1,1000,-99999,100000,0.0 1.0 1.0 1.0,,1,engine.fx,2/4,0,fx_engine_green.dds,addon/05.cat:dds/fx_engine_green.pck,128x128,1,#091910,#38865a,#7ad1a0,#d1ffe5,0.134,green
mayhem,fx_engine_xtc_green_nor2,4,18,addon/06.cat,a00441ff1d70,text,1,2000,107,-1000,1000,-1000,1000,-2000,2000,-2000,1,2000,-99999,100000,0.0 1.0 1.0 1.0,,1,engine.fx,2/4,0,fx_engine_green.dds,addon/05.cat:dds/fx_engine_green.pck,128x128,1,#091910,#38865a,#7ad1a0,#d1ffe5,0.134,green
mayhem,fx_engine_xtc_green_nor3,6,20,addon/06.cat,731959cd8537,text,1,4000,107,-2000,2000,-2000,2000,-4000,4000,-4000,3,4000,-99999,100000,0.0 1.0 1.0 1.0,,1,engine.fx,2/4,0,fx_engine_green.dds,addon/05.cat:dds/fx_engine_green.pck,128x128,1,#091910,#38865a,#7ad1a0,#d1ffe5,0.134,green
mayhem,fx_engine_xtc_lightblue_big,6,11,addon/06.cat,b90b7004f371,text,1,6250,107,-3125,3125,-3125,3125,-6250,6250,-6250,5,6250,-100000,100000,0.0 1.0 1.0 1.0,,1,engine.fx,2/4,0,fx_engine_lightblue.dds,addon/05.cat:dds/fx_engine_lightblue.pck,128x128,1,#04191e,#1b88a6,#4dd8fd,#d8f7ff,0.134,cyan
mayhem,fx_engine_xtc_lightblue_big2,2,4,addon/06.cat,af4277163f1d,text,1,9366,107,-4683,4683,-4683,4683,-9366,9366,-9366,7,9366,-100000,100000,0.0 1.0 1.0 1.0,,1,engine.fx,2/4,0,fx_engine_lightblue.dds,addon/05.cat:dds/fx_engine_lightblue.pck,128x128,1,#04191e,#1b88a6,#4dd8fd,#d8f7ff,0.134,cyan
mayhem,fx_engine_xtc_lightblue_big3,5,24,addon/06.cat,1eea24a3f7e3,text,1,18750,107,-9375,9375,-9375,9375,-18750,18750,-18750,14,18750,-100000,100000,0.0 1.0 1.0 1.0,,1,engine.fx,2/4,0,fx_engine_lightblue.dds,addon/05.cat:dds/fx_engine_lightblue.pck,128x128,1,#04191e,#1b88a6,#4dd8fd,#d8f7ff,0.134,cyan
mayhem,fx_engine_xtc_lightblue_huge,1,5,addon/06.cat,608252880ba9,text,1,93922,107,-46961,46961,-46961,46961,-93922,93922,-93922,70,93922,-100000,100000,0.0 1.0 1.0 1.0,,1,engine.fx,2/4,0,fx_engine_lightblue.dds,addon/05.cat:dds/fx_engine_lightblue.pck,128x128,1,#04191e,#1b88a6,#4dd8fd,#d8f7ff,0.134,cyan
mayhem,fx_engine_xtc_lightblue_nor,21,27,addon/06.cat,74c86104e1aa,text,1,1000,107,-500,500,-500,500,-1000,1000,-1000,1,1000,-99999,100000,0.0 1.0 1.0 1.0,,1,engine.fx,2/4,0,fx_engine_lightblue.dds,addon/05.cat:dds/fx_engine_lightblue.pck,128x128,1,#04191e,#1b88a6,#4dd8fd,#d8f7ff,0.134,cyan
mayhem,fx_engine_xtc_lightblue_nor2,19,76,addon/06.cat,87385f0113af,text,1,2000,107,-1000,1000,-1000,1000,-2000,2000,-2000,1,2000,-99999,100000,0.0 1.0 1.0 1.0,,1,engine.fx,2/4,0,fx_engine_lightblue.dds,addon/05.cat:dds/fx_engine_lightblue.pck,128x128,1,#04191e,#1b88a6,#4dd8fd,#d8f7ff,0.134,cyan
mayhem,fx_engine_xtc_lightblue_nor3,22,83,addon/06.cat,e61fc8a46ed8,text,1,4000,107,-2000,2000,-2000,2000,-4000,4000,-4000,3,4000,-99999,100000,0.0 1.0 1.0 1.0,,1,engine.fx,2/4,0,fx_engine_lightblue.dds,addon/05.cat:dds/fx_engine_lightblue.pck,128x128,1,#04191e,#1b88a6,#4dd8fd,#d8f7ff,0.134,cyan
mayhem,fx_engine_xtc_lightblue_tiny,1,6,addon/06.cat,7d425e9a05b0,text,1,504,107,-250,250,-250,250,-504,504,-504,0,500,-99999,100000,0.0 1.0 1.0 1.0,,1,engine.fx,2/4,0,fx_engine_lightblue.dds,addon/05.cat:dds/fx_engine_lightblue.pck,128x128,1,#04191e,#1b88a6,#4dd8fd,#d8f7ff,0.134,cyan
mayhem,fx_engine_xtc_lime_big,1,4,addon/06.cat,43c0eb5f07d7,text,1,6250,107,-3125,3125,-3125,3125,-6250,6250,-6250,5,6250,-100000,100000,0.0 1.0 1.0 1.0,,1,engine.fx,2/4,0,fx_engine_lime.dds,addon/05.cat:dds/fx_engine_lime.pck,128x128,1,#041e04,#19a319,#47fd47,#d7ffd7,0.134,green
mayhem,fx_engine_xtc_lime_big3,2,6,addon/06.cat,c45a9b6ad29c,text,1,18750,107,-9375,9375,-9375,9375,-18750,18750,-18750,14,18750,-100000,100000,0.0 1.0 1.0 1.0,,1,engine.fx,2/4,0,fx_engine_lime.dds,addon/05.cat:dds/fx_engine_lime.pck,128x128,1,#041e04,#19a319,#47fd47,#d7ffd7,0.134,green
mayhem,fx_engine_xtc_lime_huge3,1,2,addon/06.cat,2bbd30b2e439,text,1,211762,107,-105881,105881,-105881,105881,-211762,211762,-211762,158,211762,-100000,100000,0.0 1.0 1.0 1.0,,1,engine.fx,2/4,0,fx_engine_lime.dds,addon/05.cat:dds/fx_engine_lime.pck,128x128,1,#041e04,#19a319,#47fd47,#d7ffd7,0.134,green
mayhem,fx_engine_xtc_lime_nor,1,3,addon/06.cat,724f778f77f0,text,1,1000,107,-500,500,-500,500,-1000,1000,-1000,1,1000,-99999,100000,0.0 1.0 1.0 1.0,,1,engine.fx,2/4,0,fx_engine_lime.dds,addon/05.cat:dds/fx_engine_lime.pck,128x128,1,#041e04,#19a319,#47fd47,#d7ffd7,0.134,green
mayhem,fx_engine_xtc_lime_nor2,1,4,addon/06.cat,574031e58c4f,text,1,2000,107,-1000,1000,-1000,1000,-2000,2000,-2000,1,2000,-99999,100000,0.0 1.0 1.0 1.0,,1,engine.fx,2/4,0,fx_engine_lime.dds,addon/05.cat:dds/fx_engine_lime.pck,128x128,1,#041e04,#19a319,#47fd47,#d7ffd7,0.134,green
mayhem,fx_engine_xtc_lime_nor3,4,9,addon/06.cat,c2a861cd8be8,text,1,4000,107,-2000,2000,-2000,2000,-4000,4000,-4000,3,4000,-99999,100000,0.0 1.0 1.0 1.0,,1,engine.fx,2/4,0,fx_engine_lime.dds,addon/05.cat:dds/fx_engine_lime.pck,128x128,1,#041e04,#19a319,#47fd47,#d7ffd7,0.134,green
mayhem,fx_engine_xtc_lime_tiny,1,2,addon/06.cat,439e9eddf277,text,1,504,107,-250,250,-250,250,-504,504,-504,0,500,-99999,100000,0.0 1.0 1.0 1.0,,1,engine.fx,2/4,0,fx_engine_lime.dds,addon/05.cat:dds/fx_engine_lime.pck,128x128,1,#041e04,#19a319,#47fd47,#d7ffd7,0.134,green
mayhem,fx_engine_xtc_magenta_big,2,8,addon/06.cat,2563e4fb1a36,text,1,6250,107,-3125,3125,-3125,3125,-6250,6250,-6250,5,6250,-100000,100000,0.0 1.0 1.0 1.0,,1,engine.fx,2/4,0,fx_engine_magenta.dds,addon/05.cat:dds/fx_engine_magenta.pck,128x128,1,#1f0b1e,#a2439f,#ea8ae8,#ffe3fe,0.134,magenta
mayhem,fx_engine_xtc_magenta_big2,10,116,addon/06.cat,c35314e597d9,text,1,9366,107,-4683,4683,-4683,4683,-9366,9366,-9366,7,9366,-100000,100000,0.0 1.0 1.0 1.0,,1,engine.fx,2/4,0,fx_engine_magenta.dds,addon/05.cat:dds/fx_engine_magenta.pck,128x128,1,#1f0b1e,#a2439f,#ea8ae8,#ffe3fe,0.134,magenta
mayhem,fx_engine_xtc_magenta_big3,4,54,addon/06.cat,1dbd9ca11f85,text,1,18750,107,-9375,9375,-9375,9375,-18750,18750,-18750,14,18750,-100000,100000,0.0 1.0 1.0 1.0,,1,engine.fx,2/4,0,fx_engine_magenta.dds,addon/05.cat:dds/fx_engine_magenta.pck,128x128,1,#1f0b1e,#a2439f,#ea8ae8,#ffe3fe,0.134,magenta
mayhem,fx_engine_xtc_magenta_huge,1,6,addon/06.cat,abace40951a0,text,1,93922,107,-46961,46961,-46961,46961,-93922,93922,-93922,70,93922,-100000,100000,0.0 1.0 1.0 1.0,,1,engine.fx,2/4,0,fx_engine_magenta.dds,addon/05.cat:dds/fx_engine_magenta.pck,128x128,1,#1f0b1e,#a2439f,#ea8ae8,#ffe3fe,0.134,magenta
mayhem,fx_engine_xtc_magenta_nor,2,8,addon/06.cat,9fd2245ebe66,text,1,1000,107,-500,500,-500,500,-1000,1000,-1000,1,1000,-99999,100000,0.0 1.0 1.0 1.0,,1,engine.fx,2/4,0,fx_engine_magenta.dds,addon/05.cat:dds/fx_engine_magenta.pck,128x128,1,#1f0b1e,#a2439f,#ea8ae8,#ffe3fe,0.134,magenta
mayhem,fx_engine_xtc_magenta_nor3,4,70,addon/06.cat,615296e7cbc1,text,1,4000,107,-2000,2000,-2000,2000,-4000,4000,-4000,3,4000,-99999,100000,0.0 1.0 1.0 1.0,,1,engine.fx,2/4,0,fx_engine_magenta.dds,addon/05.cat:dds/fx_engine_magenta.pck,128x128,1,#1f0b1e,#a2439f,#ea8ae8,#ffe3fe,0.134,magenta
mayhem,fx_engine_xtc_magenta_tiny,6,72,addon/06.cat,4b9f84761ed7,text,1,504,107,-250,250,-250,250,-504,504,-504,0,500,-99999,100000,0.0 1.0 1.0 1.0,,1,engine.fx,2/4,0,fx_engine_magenta.dds,addon/05.cat:dds/fx_engine_magenta.pck,128x128,1,#1f0b1e,#a2439f,#ea8ae8,#ffe3fe,0.134,magenta
mayhem,fx_engine_xtc_orange_big,2,4,addon/06.cat,4bb44257cdce,text,1,6250,107,-3125,3125,-3125,3125,-6250,6250,-6250,5,6250,-100000,100000,0.0 1.0 1.0 1.0,,1,engine.fx,2/4,0,fx_engine_orange.dds,addon/05.cat:dds/fx_engine_orange.pck,128x128,1,#210f06,#b15326,#fe9969,#ffe9df,0.134,orange
mayhem,fx_engine_xtc_orange_big2,7,17,addon/06.cat,e13ab9d24471,text,1,9366,107,-4683,4683,-4683,4683,-9366,9366,-9366,7,9366,-100000,100000,0.0 1.0 1.0 1.0,,1,engine.fx,2/4,0,fx_engine_orange.dds,addon/05.cat:dds/fx_engine_orange.pck,128x128,1,#210f06,#b15326,#fe9969,#ffe9df,0.134,orange
mayhem,fx_engine_xtc_orange_big3,25,139,addon/06.cat,4fc534db73d0,text,1,18750,107,-9375,9375,-9375,9375,-18750,18750,-18750,14,18750,-100000,100000,0.0 1.0 1.0 1.0,,1,engine.fx,2/4,0,fx_engine_orange.dds,addon/05.cat:dds/fx_engine_orange.pck,128x128,1,#210f06,#b15326,#fe9969,#ffe9df,0.134,orange
mayhem,fx_engine_xtc_orange_big4,17,47,addon/06.cat,4c52db38c9f7,text,1,47272,107,-23636,23636,-23636,23636,-47272,47272,-47272,35,47272,-100000,100000,0.0 1.0 1.0 1.0,,1,engine.fx,2/4,0,fx_engine_orange.dds,addon/05.cat:dds/fx_engine_orange.pck,128x128,1,#210f06,#b15326,#fe9969,#ffe9df,0.134,orange
mayhem,fx_engine_xtc_orange_huge,5,34,addon/06.cat,7e1f871731d5,text,1,93922,107,-46961,46961,-46961,46961,-93922,93922,-93922,70,93922,-100000,100000,0.0 1.0 1.0 1.0,,1,engine.fx,2/4,0,fx_engine_orange.dds,addon/05.cat:dds/fx_engine_orange.pck,128x128,1,#210f06,#b15326,#fe9969,#ffe9df,0.134,orange
mayhem,fx_engine_xtc_orange_huge2,2,5,addon/06.cat,44e47d707f03,text,1,141175,107,-70588,70588,-70588,70588,-141175,141175,-141175,106,141175,-100000,100000,0.0 1.0 1.0 1.0,,1,engine.fx,2/4,0,fx_engine_orange.dds,addon/05.cat:dds/fx_engine_orange.pck,128x128,1,#210f06,#b15326,#fe9969,#ffe9df,0.134,orange
mayhem,fx_engine_xtc_orange_nor,16,83,addon/06.cat,ca659b739ff3,text,1,1000,107,-500,500,-500,500,-1000,1000,-1000,1,1000,-99999,100000,0.0 1.0 1.0 1.0,,1,engine.fx,2/4,0,fx_engine_orange.dds,addon/05.cat:dds/fx_engine_orange.pck,128x128,1,#210f06,#b15326,#fe9969,#ffe9df,0.134,orange
mayhem,fx_engine_xtc_orange_nor2,12,74,addon/06.cat,6d23cb1fdc31,text,1,2000,107,-1000,1000,-1000,1000,-2000,2000,-2000,1,2000,-99999,100000,0.0 1.0 1.0 1.0,,1,engine.fx,2/4,0,fx_engine_orange.dds,addon/05.cat:dds/fx_engine_orange.pck,128x128,1,#210f06,#b15326,#fe9969,#ffe9df,0.134,orange
mayhem,fx_engine_xtc_orange_nor3,2,5,addon/06.cat,c4649016a7b2,text,1,4000,107,-2000,2000,-2000,2000,-4000,4000,-4000,3,4000,-99999,100000,0.0 1.0 1.0 1.0,,1,engine.fx,2/4,0,fx_engine_orange.dds,addon/05.cat:dds/fx_engine_orange.pck,128x128,1,#210f06,#b15326,#fe9969,#ffe9df,0.134,orange
mayhem,fx_engine_xtc_orange_tiny,3,17,addon/06.cat,968039dda8f6,text,1,504,107,-250,250,-250,250,-504,504,-504,0,500,-99999,100000,0.0 1.0 1.0 1.0,,1,engine.fx,2/4,0,fx_engine_orange.dds,addon/05.cat:dds/fx_engine_orange.pck,128x128,1,#210f06,#b15326,#fe9969,#ffe9df,0.134,orange
mayhem,fx_engine_xtc_peach_big,5,12,addon/06.cat,c01cc5df720b,text,1,6250,107,-3125,3125,-3125,3125,-6250,6250,-6250,5,6250,-100000,100000,0.0 1.0 1.0 1.0,,1,engine.fx,2/4,0,fx_engine_peach.dds,addon/05.cat:dds/fx_engine_peach.pck,128x128,1,#151211,#736761,#baaea8,#f7ebe5,0.134,orange
mayhem,fx_engine_xtc_peach_big2,3,30,addon/06.cat,1dcdbfdfb1d9,text,1,9366,107,-4683,4683,-4683,4683,-9366,9366,-9366,7,9366,-100000,100000,0.0 1.0 1.0 1.0,,1,engine.fx,2/4,0,fx_engine_peach.dds,addon/05.cat:dds/fx_engine_peach.pck,128x128,1,#151211,#736761,#baaea8,#f7ebe5,0.134,orange
mayhem,fx_engine_xtc_peach_big3,6,23,addon/06.cat,e64a6f9b453d,text,1,18750,107,-9375,9375,-9375,9375,-18750,18750,-18750,14,18750,-100000,100000,0.0 1.0 1.0 1.0,,1,engine.fx,2/4,0,fx_engine_peach.dds,addon/05.cat:dds/fx_engine_peach.pck,128x128,1,#151211,#736761,#baaea8,#f7ebe5,0.134,orange
mayhem,fx_engine_xtc_peach_nor,33,84,addon/06.cat,5436d6892f96,text,1,1000,107,-500,500,-500,500,-1000,1000,-1000,1,1000,-99999,100000,0.0 1.0 1.0 1.0,,1,engine.fx,2/4,0,fx_engine_peach.dds,addon/05.cat:dds/fx_engine_peach.pck,128x128,1,#151211,#736761,#baaea8,#f7ebe5,0.134,orange
mayhem,fx_engine_xtc_peach_nor3,4,17,addon/06.cat,6f821f949c7d,text,1,4000,107,-2000,2000,-2000,2000,-4000,4000,-4000,3,4000,-99999,100000,0.0 1.0 1.0 1.0,,1,engine.fx,2/4,0,fx_engine_peach.dds,addon/05.cat:dds/fx_engine_peach.pck,128x128,1,#151211,#736761,#baaea8,#f7ebe5,0.134,orange
mayhem,fx_engine_xtc_peach_tiny,3,12,addon/06.cat,fcc28b06c7a9,text,1,504,107,-250,250,-250,250,-504,504,-504,0,500,-99999,100000,0.0 1.0 1.0 1.0,,1,engine.fx,2/4,0,fx_engine_peach.dds,addon/05.cat:dds/fx_engine_peach.pck,128x128,1,#151211,#736761,#baaea8,#f7ebe5,0.134,orange
mayhem,fx_engine_xtc_purple_big3,5,17,addon/06.cat,5dba5a84ace1,text,1,18750,107,-9375,9375,-9375,9375,-18750,18750,-18750,14,18750,-100000,100000,0.0 1.0 1.0 1.0,,1,engine.fx,2/4,0,fx_engine_purple.dds,addon/05.cat:dds/fx_engine_purple.pck,128x128,1,#190e1e,#84549c,#cb9ce2,#f7e7ff,0.134,purple
mayhem,fx_engine_xtc_red_big,1,2,addon/06.cat,d8901928f5ee,text,1,6250,107,-3125,3125,-3125,3125,-6250,6250,-6250,5,6250,-100000,100000,0.0 1.0 1.0 1.0,,1,engine.fx,2/4,0,fx_engine_red.dds,addon/05.cat:dds/fx_engine_red.pck,128x128,1,#290a0a,#d63d3d,#ff9191,#ffe8e8,0.134,red
mayhem,fx_engine_xtc_red_big2,7,16,addon/06.cat,a6711a639e69,text,1,9366,107,-4683,4683,-4683,4683,-9366,9366,-9366,7,9366,-100000,100000,0.0 1.0 1.0 1.0,,1,engine.fx,2/4,0,fx_engine_red.dds,addon/05.cat:dds/fx_engine_red.pck,128x128,1,#290a0a,#d63d3d,#ff9191,#ffe8e8,0.134,red
mayhem,fx_engine_xtc_red_big3,8,16,addon/06.cat,015a38ba7887,text,1,18750,107,-9375,9375,-9375,9375,-18750,18750,-18750,14,18750,-100000,100000,0.0 1.0 1.0 1.0,,1,engine.fx,2/4,0,fx_engine_red.dds,addon/05.cat:dds/fx_engine_red.pck,128x128,1,#290a0a,#d63d3d,#ff9191,#ffe8e8,0.134,red
mayhem,fx_engine_xtc_red_huge,1,2,addon/06.cat,44316419eeee,text,1,93922,107,-46961,46961,-46961,46961,-93922,93922,-93922,70,93922,-100000,100000,0.0 1.0 1.0 1.0,,1,engine.fx,2/4,0,fx_engine_red.dds,addon/05.cat:dds/fx_engine_red.pck,128x128,1,#290a0a,#d63d3d,#ff9191,#ffe8e8,0.134,red
mayhem,fx_engine_xtc_red_nor,29,40,addon/06.cat,b601742e3c45,text,1,1000,107,-500,500,-500,500,-1000,1000,-1000,1,1000,-99999,100000,0.0 1.0 1.0 1.0,,1,engine.fx,2/4,0,fx_engine_red.dds,addon/05.cat:dds/fx_engine_red.pck,128x128,1,#290a0a,#d63d3d,#ff9191,#ffe8e8,0.134,red
mayhem,fx_engine_xtc_red_nor2,3,6,addon/06.cat,7fb58a2985f5,text,1,2000,107,-1000,1000,-1000,1000,-2000,2000,-2000,1,2000,-99999,100000,0.0 1.0 1.0 1.0,,1,engine.fx,2/4,0,fx_engine_red.dds,addon/05.cat:dds/fx_engine_red.pck,128x128,1,#290a0a,#d63d3d,#ff9191,#ffe8e8,0.134,red
mayhem,fx_engine_xtc_red_nor3,12,29,addon/06.cat,a9a1a04cdd8e,text,1,4000,107,-2000,2000,-2000,2000,-4000,4000,-4000,3,4000,-99999,100000,0.0 1.0 1.0 1.0,,1,engine.fx,2/4,0,fx_engine_red.dds,addon/05.cat:dds/fx_engine_red.pck,128x128,1,#290a0a,#d63d3d,#ff9191,#ffe8e8,0.134,red
mayhem,fx_engine_xtc_red_tiny,25,91,addon/06.cat,2e2a85a2ff6f,text,1,504,107,-250,250,-250,250,-504,504,-504,0,500,-99999,100000,0.0 1.0 1.0 1.0,,1,engine.fx,2/4,0,fx_engine_red.dds,addon/05.cat:dds/fx_engine_red.pck,128x128,1,#290a0a,#d63d3d,#ff9191,#ffe8e8,0.134,red
mayhem,fx_engine_xtc_white_big,9,45,addon/06.cat,b6b96206765c,text,1,6250,107,-3125,3125,-3125,3125,-6250,6250,-6250,5,6250,-100000,100000,0.0 1.0 1.0 1.0,,1,engine.fx,2/4,0,fx_engine_white.dds,addon/05.cat:dds/fx_engine_white.pck,128x128,1,#131313,#6a6a6a,#b1b1b1,#eeeeee,0.134,white/grey
mayhem,fx_engine_xtc_white_big2,11,51,addon/06.cat,d945b09d54f7,text,1,9366,107,-4683,4683,-4683,4683,-9366,9366,-9366,7,9366,-100000,100000,0.0 1.0 1.0 1.0,,1,engine.fx,2/4,0,fx_engine_white.dds,addon/05.cat:dds/fx_engine_white.pck,128x128,1,#131313,#6a6a6a,#b1b1b1,#eeeeee,0.134,white/grey
mayhem,fx_engine_xtc_white_big3,13,70,addon/06.cat,fd71b5ce9163,text,1,18750,107,-9375,9375,-9375,9375,-18750,18750,-18750,14,18750,-100000,100000,0.0 1.0 1.0 1.0,,1,engine.fx,2/4,0,fx_engine_white.dds,addon/05.cat:dds/fx_engine_white.pck,128x128,1,#131313,#6a6a6a,#b1b1b1,#eeeeee,0.134,white/grey
mayhem,fx_engine_xtc_white_big4,1,3,addon/06.cat,f50e7481b40d,text,1,47272,107,-23636,23636,-23636,23636,-47272,47272,-47272,35,47272,-100000,100000,0.0 1.0 1.0 1.0,,1,engine.fx,2/4,0,fx_engine_white.dds,addon/05.cat:dds/fx_engine_white.pck,128x128,1,#131313,#6a6a6a,#b1b1b1,#eeeeee,0.134,white/grey
mayhem,fx_engine_xtc_white_huge,1,4,addon/06.cat,a4de7d830f13,text,1,93922,107,-46961,46961,-46961,46961,-93922,93922,-93922,70,93922,-100000,100000,0.0 1.0 1.0 1.0,,1,engine.fx,2/4,0,fx_engine_white.dds,addon/05.cat:dds/fx_engine_white.pck,128x128,1,#131313,#6a6a6a,#b1b1b1,#eeeeee,0.134,white/grey
mayhem,fx_engine_xtc_white_nor,19,69,addon/06.cat,3ea3a50b6248,text,1,1000,107,-500,500,-500,500,-1000,1000,-1000,1,1000,-99999,100000,0.0 1.0 1.0 1.0,,1,engine.fx,2/4,0,fx_engine_white.dds,addon/05.cat:dds/fx_engine_white.pck,128x128,1,#131313,#6a6a6a,#b1b1b1,#eeeeee,0.134,white/grey
mayhem,fx_engine_xtc_white_nor2,11,51,addon/06.cat,5afd17f07b77,text,1,2000,107,-1000,1000,-1000,1000,-2000,2000,-2000,1,2000,-99999,100000,0.0 1.0 1.0 1.0,,1,engine.fx,2/4,0,fx_engine_white.dds,addon/05.cat:dds/fx_engine_white.pck,128x128,1,#131313,#6a6a6a,#b1b1b1,#eeeeee,0.134,white/grey
mayhem,fx_engine_xtc_white_nor3,16,56,addon/06.cat,39e07314b3f5,text,1,4000,107,-2000,2000,-2000,2000,-4000,4000,-4000,3,4000,-99999,100000,0.0 1.0 1.0 1.0,,1,engine.fx,2/4,0,fx_engine_white.dds,addon/05.cat:dds/fx_engine_white.pck,128x128,1,#131313,#6a6a6a,#b1b1b1,#eeeeee,0.134,white/grey
mayhem,fx_engine_xtc_white_tiny,6,17,addon/06.cat,cf646f77bbc7,text,1,504,107,-250,250,-250,250,-504,504,-504,0,500,-99999,100000,0.0 1.0 1.0 1.0,,1,engine.fx,2/4,0,fx_engine_white.dds,addon/05.cat:dds/fx_engine_white.pck,128x128,1,#131313,#6a6a6a,#b1b1b1,#eeeeee,0.134,white/grey
mayhem,fx_engine_xtc_yellow_big,7,20,addon/06.cat,57fd2bad37a2,text,1,6250,107,-3125,3125,-3125,3125,-6250,6250,-6250,5,6250,-100000,100000,0.0 1.0 1.0 1.0,,1,engine.fx,2/4,0,fx_engine_yellow.dds,addon/05.cat:dds/fx_engine_yellow.pck,128x128,1,#151500,#777702,#c7c703,#ffff65,0.134,yellow
mayhem,fx_engine_xtc_yellow_big2,9,41,addon/06.cat,00a3e93d9484,text,1,9366,107,-4683,4683,-4683,4683,-9366,9366,-9366,7,9366,-100000,100000,0.0 1.0 1.0 1.0,,1,engine.fx,2/4,0,fx_engine_yellow.dds,addon/05.cat:dds/fx_engine_yellow.pck,128x128,1,#151500,#777702,#c7c703,#ffff65,0.134,yellow
mayhem,fx_engine_xtc_yellow_big3,7,34,addon/06.cat,d0b6bfed6846,text,1,18750,107,-9375,9375,-9375,9375,-18750,18750,-18750,14,18750,-100000,100000,0.0 1.0 1.0 1.0,,1,engine.fx,2/4,0,fx_engine_yellow.dds,addon/05.cat:dds/fx_engine_yellow.pck,128x128,1,#151500,#777702,#c7c703,#ffff65,0.134,yellow
mayhem,fx_engine_xtc_yellow_huge,3,12,addon/06.cat,6719fdfb20f0,text,1,93922,107,-46961,46961,-46961,46961,-93922,93922,-93922,70,93922,-100000,100000,0.0 1.0 1.0 1.0,,1,engine.fx,2/4,0,fx_engine_yellow.dds,addon/05.cat:dds/fx_engine_yellow.pck,128x128,1,#151500,#777702,#c7c703,#ffff65,0.134,yellow
mayhem,fx_engine_xtc_yellow_nor,43,109,addon/06.cat,dd43209ce1c7,text,1,1000,107,-500,500,-500,500,-1000,1000,-1000,1,1000,-99999,100000,0.0 1.0 1.0 1.0,,1,engine.fx,2/4,0,fx_engine_yellow.dds,addon/05.cat:dds/fx_engine_yellow.pck,128x128,1,#151500,#777702,#c7c703,#ffff65,0.134,yellow
mayhem,fx_engine_xtc_yellow_nor2,17,90,addon/06.cat,472d152925a0,text,1,2000,107,-1000,1000,-1000,1000,-2000,2000,-2000,1,2000,-99999,100000,0.0 1.0 1.0 1.0,,1,engine.fx,2/4,0,fx_engine_yellow.dds,addon/05.cat:dds/fx_engine_yellow.pck,128x128,1,#151500,#777702,#c7c703,#ffff65,0.134,yellow
mayhem,fx_engine_xtc_yellow_nor3,29,86,addon/06.cat,8ec74c03585f,text,1,4000,107,-2000,2000,-2000,2000,-4000,4000,-4000,3,4000,-99999,100000,0.0 1.0 1.0 1.0,,1,engine.fx,2/4,0,fx_engine_yellow.dds,addon/05.cat:dds/fx_engine_yellow.pck,128x128,1,#151500,#777702,#c7c703,#ffff65,0.134,yellow
mayhem,fx_engine_xtc_yellow_tiny,37,154,addon/06.cat,4214d80dec52,text,1,504,107,-250,250,-250,250,-504,504,-504,0,500,-99999,100000,0.0 1.0 1.0 1.0,,1,engine.fx,2/4,0,fx_engine_yellow.dds,addon/05.cat:dds/fx_engine_yellow.pck,128x128,1,#151500,#777702,#c7c703,#ffff65,0.134,yellow
mayhem,effects/engines/fx_engine_xtraotas_ts1,1,2,ERROR no body resource for objects/effects/engines/fx_engine_xtraotas_ts1
mayhem,effects/engines/fx_engine_xtraotas_ts3,1,2,ERROR no body resource for objects/effects/engines/fx_engine_xtraotas_ts3
mayhem,v/00114,2,4,ERROR text line 7: unsupported material record 'MATERIAL3' (MATERIAL3: the engine maps each record to the 
mayhem,v/00566,160,2583,01.cat,ad1e921e9295,text,1,350,19,-52,52,-52,52,-350,350,-350,-1,103,-100000,100000,- - - -,,1,standard_lighting.fx,2/2,0,effects\others\navjet_diff.jpg,01.cat:textures/effects/others/navjet_diff.jpg,256x256,1,#161616,#161616,#afb0b1,#ffffff,1.0,white/grey
